,0.2,0.4,0.6,0.8,1,1.2
0,350,146,72,186,44,-114
1,330,366,390,-390,46,124
2,522,532,422,-78,268,624
3,244,650,450,-90,362,702
4,126,426,414,-8,464,1142
5,78,374,712,260,892,1362
6,-70,286,584,-14,938,1482
7,426,416,784,166,1276,1678
8,86,372,796,150,1376,1814
9,-324,-340,538,112,1776,2152
10,-236,-122,606,238,1824,2218
11,-280,-182,368,258,2288,2660
12,394,290,880,678,2902,3256
13,202,248,712,782,3222,3356
14,126,210,764,868,3642,3714
15,18,366,1064,1358,4000,4690
16,306,684,1316,1410,4256,5358
17,26,262,1120,1228,4406,5342
18,-108,112,926,1520,4602,5896
19,-218,64,886,1660,4810,5786
20,-32,56,1066,1822,5106,6190
21,-34,196,1308,1922,5470,6594
22,-126,66,1124,1788,5396,6690
23,-82,114,1138,1758,5478,6518
24,-258,-216,774,1256,4964,6214
25,-258,-174,1006,1608,4594,6532
26,-88,-20,1114,1782,4696,6666
27,12,120,1130,1912,4814,6662
28,118,-120,1028,1928,4980,6546
29,588,288,1276,2250,5082,6056
30,-310,-180,776,2110,4714,5678
31,-646,-434,418,1830,4532,5454
32,6,-166,660,2310,4934,5784
33,-324,-448,542,2370,4504,5396
34,-364,-576,150,2370,4344,5438
35,-190,-538,230,2648,4836,5840
36,-146,-314,670,2892,4976,6166
37,-280,-450,602,2790,4788,5886
38,-168,-256,762,2874,4640,6214
39,-282,-260,860,2864,4632,6064
40,182,-84,1194,2422,4598,5782
41,98,-320,978,2476,4656,5908
42,-150,-354,880,2602,4620,5624
43,68,-344,888,2298,4372,5408
44,-110,-560,662,2368,4484,5500
45,-34,-310,794,2316,4294,5882
46,-250,-494,426,2636,4250,5836
47,-250,-580,246,2794,4502,5954
48,-380,-610,306,3196,4846,5894
49,-12,-218,548,3638,5168,6056
50,82,0,690,3902,5608,6126
51,166,-28,862,3670,5430,6128
52,452,194,934,3630,5258,6260
53,466,90,820,3504,5108,6530
54,-16,-178,460,3622,4774,6278
55,202,178,780,3780,4712,6218
56,144,142,1042,3454,4620,5996
57,110,128,724,3148,4416,6040
58,4,70,246,3216,4350,5838
59,-180,42,526,3464,4570,5742
60,332,376,786,3438,4870,5832
61,124,52,738,3160,4770,5820
62,76,12,614,2904,4750,6040
63,-696,-410,-24,2592,4264,5754
64,-260,-508,262,2804,4584,6134
65,-46,-486,-20,2696,4496,6282
66,-670,-912,-194,2532,4300,6138
67,-528,-818,-204,2564,4308,6208
68,102,-230,-198,2546,4606,6256
69,176,130,-62,2828,4432,6332
70,-216,-244,-428,2550,4002,5924
71,314,68,-712,2676,4032,5568
72,210,424,-580,2758,4088,5820
73,140,254,-272,2956,3998,5896
74,312,428,-92,2996,4340,6214
75,284,228,-50,2996,4340,6014
76,-230,-40,-128,2466,4540,6010
77,-314,64,-30,2716,4344,6014
78,252,366,190,3074,4588,6142
79,54,310,224,3352,4890,6358
80,32,182,440,3404,4626,6640
81,-178,180,502,3450,4432,6518
82,64,260,482,3396,4354,6520
83,-30,-40,308,3888,4552,6156
84,-42,54,350,3556,4764,5884
85,252,446,412,3788,5056,5670
86,-314,260,640,3990,5082,5984
87,-54,444,848,4090,5136,6042
88,-170,124,792,3682,4840,5978
89,-360,-250,380,3296,4480,5874
90,-154,-140,394,3338,4774,6110
91,-228,-312,158,3194,4994,5996
92,28,-134,626,3208,5044,5682
93,14,-164,804,3122,4774,5948
94,42,-182,606,3410,4874,6152
95,-316,-476,222,3118,5004,5834
96,-428,-724,168,3192,4764,6142
97,78,-196,604,3400,5250,6404
98,92,-410,644,3174,5206,6296
99,194,-254,530,3262,4934,6314
100,128,-264,340,2918,4722,6194
101,150,-360,512,2840,4636,5876
102,-144,-562,168,2674,4454,5724
103,202,-26,620,3074,4736,5958
104,-90,-260,768,2996,4796,5748
105,-364,-448,774,2686,4512,5422
106,-776,-922,484,2376,4190,5376
107,-544,-804,376,2662,4080,5960
108,52,-540,600,2990,4218,6110
109,-218,-516,856,3050,4202,6160
110,-90,-502,710,2840,4168,6048
111,-316,-790,250,2464,4338,5890
112,-714,-1218,16,2246,3884,5644
113,-334,-718,38,2744,4288,5960
114,-250,-602,128,2740,4602,6046
115,-12,8,376,2792,4708,6470
116,26,4,262,2802,4732,6252
117,-34,122,78,2872,4660,5848
118,-94,-296,-454,2516,4316,5500
119,-48,-298,-364,2686,4530,5670
120,274,-86,-114,2712,4734,5916
121,50,-362,-274,2384,4502,5876
122,262,112,-86,2346,4640,5864
123,22,118,-196,2388,4450,6012
124,162,222,-90,2416,4548,6086
125,304,270,-196,2292,4560,6290
126,256,-14,-336,1942,4726,6034
127,200,336,-136,2050,5102,6114
128,94,108,-212,2100,4978,6334
129,-224,-136,-128,2474,5320,6252
130,234,358,38,2926,5390,6302
131,246,460,-26,3038,5452,6636
132,40,42,-388,2594,4974,6080
133,374,690,-204,3062,5430,6558
134,46,474,-198,2808,5240,6066
135,-10,326,-132,2832,5462,6236
136,-8,330,48,2788,5420,6144
137,130,224,186,2822,5358,6218
138,632,598,508,3032,5916,6550
139,-4,22,164,2850,5948,6504
140,22,-34,64,3078,5756,6668
141,-190,-286,102,2778,5446,6128
142,-124,-332,-16,2534,4870,5872
143,392,266,236,3076,5092,6274
144,-2,-202,-160,2680,4768,6082
145,242,-100,-40,2460,4480,5832
146,-12,-248,-416,2340,4544,5690
147,-516,-670,-884,2016,4158,5478
148,-284,-266,-564,1918,3834,5426
149,-400,-680,-554,1722,3742,5380
150,-4,-428,-566,2076,4114,5766
151,-128,-458,-538,2056,4260,5694
152,190,-16,-298,2390,4700,6214
153,420,376,362,3064,5300,6384
154,244,-72,-218,2724,5134,6002
155,232,90,18,3156,5250,5956
156,616,636,358,3616,5416,6260
157,540,476,138,3610,5352,6140
158,416,512,222,3648,5320,6134
159,-160,-138,-328,3306,4558,5708
160,-372,-664,-702,2876,4318,5796
161,-98,-392,-412,3394,4464,6146
162,28,-80,-476,3596,4998,6656
163,310,204,-320,3800,5164,6626
164,332,308,-388,3624,4966,6376
165,472,812,74,4078,5410,6552
166,264,646,232,4110,5412,6412
167,210,838,326,3940,4974,6132
168,354,874,510,3714,4926,6626
169,90,932,998,4160,4964,6544
170,240,908,944,4018,5090,6124
171,212,716,1154,3872,5218,5616
172,212,754,1290,3976,5376,5682
173,270,654,1430,3992,5206,5888
174,300,602,1378,3394,5088,6048
175,412,452,1366,3588,5180,6482
176,406,362,1248,3572,5450,6622
177,190,370,1388,3756,5434,6312
178,-2,142,898,3508,5122,5874
179,-384,-176,376,3256,4858,5542
180,-342,-112,132,2826,4824,5190
181,-338,-456,-18,2666,4622,5506
182,292,-54,170,2734,4980,5674
183,466,360,298,2726,5008,5626
184,606,604,394,2928,5142,5980
185,582,578,172,3188,5028,6522
186,128,174,-96,2942,5014,6412
187,52,60,-250,2860,5020,6194
188,280,396,-134,2892,4836,6128
189,262,408,74,2584,4722,5940
190,-26,-16,46,2346,4290,5808
191,-224,-20,-112,2380,4426,5934
192,-188,-252,-146,2412,4376,5896
193,-326,-550,-80,2304,4636,5926
194,192,40,-142,2694,5428,6352
195,6,-262,-186,2836,5296,6118
196,468,158,98,3294,5168,5866
197,222,176,38,3032,5010,5484
198,538,476,380,3480,5264,5854
199,-40,182,260,3102,4724,5608
200,-312,-304,-38,2428,4468,5682
201,-118,-270,-300,2410,4336,5974
202,-188,-408,-526,2598,4648,5994
203,-158,-304,-400,2934,4444,6190
204,-102,-240,-318,3280,4506,6124
205,96,-98,-224,3802,5066,5980
206,272,78,-24,3646,5202,6024
207,428,400,42,3618,5568,6270
208,32,338,-144,3396,5352,6186
209,144,466,64,3658,5546,6552
210,92,372,42,3550,5552,6360
211,-322,30,-172,3218,5038,6064
212,280,292,130,3506,5010,6494
213,282,232,-78,3688,5194,6492
214,224,-72,-50,3502,5034,6086
215,-248,-282,-446,3308,4660,6042
216,-20,116,-296,3456,4656,6270
217,212,204,-234,3354,4896,6192
218,326,182,-32,3234,4908,5908
219,4,42,58,3068,4764,5548
220,-122,-316,-266,2980,5002,5474
221,-76,-34,-176,3000,5038,5846
222,-92,66,-222,3152,4838,6002
223,-84,94,-138,3038,5124,5966
224,-554,-234,-92,3128,5156,5846
225,-926,-840,-576,2866,4716,5544
226,-906,-896,-818,2454,4738,5804
227,-258,-470,-242,2810,5190,5800
228,-250,-468,-590,3118,5310,6104
229,162,-38,-68,3474,5568,6120
230,-66,-390,-304,3568,5198,5780
231,-222,-344,-758,3418,4882,5288
232,-338,-426,-624,3190,4962,5366
233,130,98,-110,3350,5154,5754
234,10,-30,-312,2994,4894,5504
235,-14,168,-154,3056,5074,5652
236,-76,-92,-6,2758,4560,5664
237,182,270,272,2746,5168,6084
238,-60,-84,-74,2762,5116,6000
239,442,526,414,2954,5220,6252
240,338,452,750,2974,4922,6018
241,132,116,206,2840,4516,5430
242,-48,-22,210,3248,4552,5372
243,94,84,158,3260,4854,5382
244,10,26,302,3200,5104,5778
245,-160,62,428,3270,5240,6046
246,-134,-54,270,3410,5096,6240
247,-100,-146,536,3318,4760,6248
248,-262,-336,402,3008,4692,6038
249,-300,-242,320,2710,4668,5516
250,-268,-462,-120,2816,4644,5698
251,-400,-620,-282,2836,4546,5844
252,110,-100,0,3430,4958,6166
253,526,458,904,3832,5638,6578
254,436,442,964,3716,5426,6436
255,38,314,1048,3862,5572,6166
256,168,296,658,3664,5412,6388
257,106,208,450,3262,5172,6342
258,-324,-138,66,2980,4770,6010
259,-264,-86,214,3132,4770,6158
260,-136,244,400,3258,4562,5814
261,46,316,302,3078,4774,5670
262,454,506,670,3110,4932,6062
263,472,712,990,3274,5308,6390
264,14,0,350,2784,4790,6020
265,250,-22,334,2994,4862,6262
266,212,-14,324,3016,4726,6202
267,-338,-158,322,2992,4918,6028
268,-420,-236,296,2930,5140,5626
269,-328,-360,228,2786,5226,5608
270,-74,-52,336,2934,5500,5828
271,42,260,510,2960,5758,5936
272,-130,-18,238,3054,5598,6098
273,-826,-692,-240,2418,4684,5366
274,-558,-444,-280,2428,4530,5394
275,-400,-312,-150,2806,4802,5532
276,-470,-752,-836,2432,4886,5040
277,-232,-562,-716,2536,5020,5170
278,64,-384,-396,2878,4860,5354
279,300,170,-374,3070,5042,5690
280,-58,-120,-356,2948,4724,5386
281,-154,-266,-462,3178,4610,5448
282,-20,-164,-326,3234,4648,5068
283,-348,-450,-642,2990,4398,4934
284,-154,-434,-608,2954,4482,5190
285,-508,-788,-998,2406,4444,5404
286,-588,-1108,-1106,2164,4522,5474
287,90,-442,-594,2520,4798,5532
288,200,-170,-324,2804,5218,6164
289,306,354,-80,2896,5350,6176
290,-100,48,-52,2648,5160,6268
291,296,166,134,3038,5362,6102
292,-8,-102,-68,2932,5292,6330
293,-106,-158,192,3152,5068,5950
294,-236,-76,108,3278,4604,5576
295,-812,-608,-446,2890,4420,5160
296,-700,-580,-632,2632,4506,4904
297,-526,-614,-968,2478,4248,5190
298,-162,-414,-706,2226,4538,5348
299,-198,-466,-556,2532,4748,5558
300,144,-50,-692,2742,4926,5834
301,204,-102,-596,2588,4746,5948
302,374,400,-212,3204,5366,6194
303,360,480,-228,3178,5420,6112
304,280,196,-270,3432,5650,6292
305,306,-36,-168,3420,5364,6058
306,468,402,134,3852,5624,6184
307,-88,-62,-302,3282,5050,5858
308,-228,-20,-368,2894,4840,5488
309,-746,-776,-954,2358,4442,5016
310,-738,-938,-1386,1722,4330,5280
311,-76,-448,-1084,1996,4870,5784
312,-210,-528,-1476,1860,4698,5806
313,-106,-108,-838,2224,5048,6174
314,-246,-166,-504,2504,5396,5758
315,-664,-854,-860,2322,5280,6010
316,-460,-586,-882,2210,5124,6066
317,-440,-562,-1226,2050,4724,5638
318,-646,-782,-1144,2042,4800,5778
319,-474,-526,-1348,2000,4570,5806
320,-130,-208,-1644,1438,4408,5912
321,-252,-254,-1552,1404,4066,5804
322,-164,-338,-1546,1520,3920,5746
323,-218,-606,-1432,1754,3866,5562
324,-354,-872,-1506,1510,4058,5426
325,-240,-792,-1392,1372,4038,5412
326,-410,-762,-1366,1252,4282,5472
327,-534,-972,-1572,1048,4404,5692
328,-480,-908,-1868,828,4352,5538
329,-94,-548,-1898,1326,4464,5816
330,-178,-750,-1952,1490,4580,6250
331,-302,-734,-1994,1396,4518,6068
332,-200,-788,-1992,1178,4468,5782
333,88,-316,-1380,1358,4790,6082
334,398,-64,-1062,1518,5196,6296
335,628,548,-540,1948,5028,6378
336,578,426,-650,2254,4926,6382
337,370,324,-856,2050,5028,6072
338,92,68,-888,2024,5070,5722
339,-344,-532,-1014,1760,4768,5790
340,-170,-182,-460,2378,4944,6156
341,88,-104,-470,2458,4762,5850
342,58,-84,-286,2498,4938,5796
343,32,32,-72,2544,4788,6030
344,-12,-22,-104,2492,4902,5818
345,-250,-174,-428,2044,4492,5606
346,-438,-376,-592,2324,4524,5432
347,-362,-338,-484,2388,4294,5480
348,-284,-246,22,2948,4448,5674
349,-338,-210,32,3054,4670,6028
350,76,134,290,2982,4672,6278
351,296,364,474,2924,4776,6436
352,214,368,568,2918,4960,6136
353,70,372,704,2560,5104,6114
354,534,776,786,2982,5456,6322
355,292,606,410,2632,5226,6068
356,224,530,328,2602,5176,6304
357,346,536,564,2934,5294,6400
358,342,402,458,2870,5382,6294
359,290,668,838,3008,5660,6340
360,620,1164,1348,3308,5836,6262
361,-52,600,990,2904,5346,5646
362,200,552,608,2800,5044,5862
363,112,126,712,2796,5040,5628
364,168,274,714,3082,5138,5612
365,294,330,1070,3270,4994,5768
366,80,416,774,3288,5042,5874
367,392,566,1022,3344,5036,6272
368,312,396,806,3200,5016,6760
369,-392,-212,346,2524,4392,6240
370,298,306,522,3070,4546,6654
371,254,348,916,3238,4850,6500
372,-188,-364,410,2924,4714,5956
373,-202,0,408,2812,4490,5788
374,-42,158,464,2900,4474,5640
375,56,182,804,3420,4610,5960
376,86,4,480,2994,4634,5708
377,28,152,612,3110,4874,6006
378,404,522,1100,3392,5458,6168
379,244,206,744,3060,5124,6008
380,182,456,464,2874,4870,5960
381,-130,-38,220,2684,4618,5718
382,442,714,398,3166,5280,6298
383,182,880,478,3364,5522,6216
384,52,822,372,3088,5830,6180
385,-304,486,-152,2732,5578,6358
386,-226,420,-198,2732,5650,6138
387,-164,142,-148,2806,5514,6102
388,130,62,-40,2618,5418,6280
389,584,434,310,2926,5016,6214
390,50,18,-166,2212,4162,5472
391,-40,-94,116,2390,4248,5724
392,-430,-546,-534,2226,3982,5776
393,-622,-814,-1018,1590,3754,5298
394,-480,-594,-832,2064,4312,5774
395,-402,-742,-690,2248,4772,6496
396,-22,-364,-620,2118,4940,6380
397,-430,-606,-692,2010,4880,6388
398,-454,-806,-588,2180,5166,6086
399,-364,-906,-692,1838,5028,5894
400,-466,-1198,-794,1868,4904,5602
401,-332,-1094,-828,1626,4942,5738
402,-28,-628,-792,1732,4960,5714
403,434,-150,-456,1974,5068,6058
404,476,-14,-172,2284,5326,6320
405,46,6,-106,2378,5090,6292
406,-58,42,-166,2432,4880,5794
407,-516,-374,-470,2344,4548,5462
408,-426,-166,-826,2290,4182,5686
409,-430,-358,-752,2410,4594,5822
410,-160,-140,-618,2644,4738,5952
411,-182,-210,-758,2570,4726,6006
412,-194,-190,-272,2532,4824,6016
413,-172,-272,-72,2228,4374,5734
414,-370,-470,-402,1860,4146,5676
415,-558,-572,-440,1990,4434,5778
416,-70,-286,-282,1964,4404,5654
417,-434,-582,-830,1766,4158,5354
418,-426,-252,-772,1706,4424,5602
419,-214,-182,-436,1776,4744,6042
420,-134,40,-142,2108,4798,5948
421,-284,-38,-146,2172,4724,5582
422,-318,-122,-412,2228,4664,5996
423,-136,-42,-492,2020,4900,6070
424,-54,40,-84,2348,5340,6062
425,-38,162,198,2612,5706,6236
426,-230,-256,-68,2324,5422,6656
427,-72,-190,-254,2426,5270,6490
428,-160,-364,-526,2068,4700,6064
429,16,-292,-234,2328,4572,5836
430,-268,-532,-586,2306,4486,6190
431,-310,-570,-826,2204,4644,5986
432,156,-234,-782,2578,4746,6040
433,-216,-418,-790,2658,4496,5422
434,28,-294,-1056,2660,4526,5600
435,-278,-576,-1182,2382,4346,5516
436,-366,-388,-1246,2340,4218,5638
437,-272,20,-806,2582,4744,5860
438,-532,-350,-946,2146,4464,5920
439,-98,34,-594,2460,4644,5798
440,124,156,-424,2388,5150,6440
441,196,174,-428,2268,5338,6588
442,92,418,-180,2406,5604,6518
443,100,450,-192,2222,5516,6440
444,372,512,-300,2272,5392,5948
445,626,926,198,2694,5658,6524
446,-88,236,-204,2436,5558,5924
447,320,508,-126,2510,5572,5884
448,300,346,136,2494,5562,5972
449,-30,22,-38,2288,5394,6190
450,374,260,196,2802,5160,6162
451,38,-14,-236,2528,5002,6030
452,-450,-332,-488,2228,4400,5764
453,-822,-796,-824,1612,3954,5008
454,-226,-314,-798,1820,4310,5384
455,78,-44,-528,2130,4636,6072
456,242,-6,-404,2428,5096,6098
457,378,240,-292,2624,5086,5976
458,314,368,-180,2704,5152,6132
459,206,278,14,2938,5330,6194
460,164,26,104,2820,4860,5986
461,74,-16,22,2696,4744,6172
462,-28,-128,-44,2746,5086,6106
463,20,34,-102,2720,5112,6128
464,-14,-172,-84,3046,5168,6480
465,-124,-236,-98,3058,5444,6600
466,-410,-454,-566,2834,5494,6180
467,-292,-442,-404,2850,5434,6068
468,52,-124,-208,2832,5664,6182
469,108,-186,-308,2732,5546,5998
470,-116,-90,66,2878,5676,6146
471,-12,60,328,2980,5416,6072
472,-284,-230,26,2400,5118,6134
473,-168,-292,-20,2276,5178,6316
474,430,144,-146,2466,5310,6608
475,-92,-260,-388,2232,5028,6132
476,-314,-100,-328,2322,5160,6388
477,-50,-190,-72,2362,5300,6278
478,40,-218,96,2466,5224,6450
479,-84,-292,312,2634,5168,6446
480,356,-210,734,3098,5054,6054
481,528,198,1016,3032,5262,5842
482,548,126,1072,2770,5380,5964
483,462,432,1170,3110,5478,6252
484,292,84,830,3134,5100,6356
485,514,640,1244,3724,5460,6582
486,160,324,838,3358,5116,6110
487,134,114,884,3302,5108,6038
488,286,236,1186,3734,5374,6392
489,404,498,1336,3704,5200,6286
490,162,304,1254,3418,5056,5834
491,158,476,1232,3148,5170,6178
492,492,718,1436,3570,5766,6594
493,330,760,1514,3864,6004,6384
494,196,682,1532,3826,5736,6436
495,214,650,1750,3892,5642,6592
496,-140,444,1588,3994,5806,6562
497,-258,418,1408,3884,5704,6038
498,-148,550,1044,3718,5242,6218
499,440,1208,1484,3788,5464,6474
500,400,746,1562,4032,5532,6422
501,116,414,1454,3930,5466,6310
502,314,630,1974,4364,5758,6892
503,-280,122,1312,3706,5104,6102
504,-114,146,1352,3590,4718,5832
505,14,66,1338,3630,4798,6164
506,-296,34,950,3100,4578,6222
507,-126,110,908,2862,4698,6320
508,434,476,1148,3012,5190,6614
509,268,244,974,2926,5362,6542
510,-274,62,666,2666,4896,6324
511,128,278,586,2594,5094,6402
512,140,316,574,2662,5256,6410
513,-80,132,336,2474,4658,6224
514,166,310,622,2554,4782,6314
515,-50,248,534,2752,4820,6532
516,804,894,1178,3368,5374,6850
517,296,530,776,3270,5636,7206
518,290,526,1002,3378,5344,6796
519,144,226,838,3270,5390,6466
520,46,18,1008,3454,5676,6552
521,180,322,1270,3380,5702,6514
522,232,712,1434,3924,5810,6314
523,254,744,1274,3698,5484,6028
524,196,784,1456,3730,5562,6010
525,70,520,1548,3484,5694,6060
526,90,436,1794,3714,5476,6054
527,458,752,1980,4028,5394,6514
528,140,320,1674,3528,5230,6258
529,-250,-68,1378,3170,4808,5772
530,8,-198,1258,3026,5130,6076
531,-182,-410,920,2940,5150,5726
532,-462,-718,538,2996,5012,6052
533,-322,-526,498,3312,5558,6288
534,156,72,940,3722,5568,6390
535,-34,52,900,3452,5370,6284
536,-372,-342,470,3418,4960,5758
537,-74,-292,632,2700,4450,5474
538,16,-340,684,2622,4634,5672
539,86,-34,738,2644,4928,5996
540,-162,-38,498,2804,5134,6226
541,292,286,274,3042,5340,6556
542,6,200,216,3154,5360,6392
543,86,192,212,3134,5396,6370
544,-26,60,392,3474,5412,6298
545,236,178,462,3558,5076,6300
546,108,242,364,3542,5250,6254
547,252,438,342,3618,5298,6342
548,212,456,334,3654,5230,5888
549,88,250,248,3430,4838,5850
550,388,340,608,3790,5132,6326
551,128,256,692,3936,4862,6028
552,-58,546,1098,3808,4588,5720
553,-110,464,964,3776,4834,5578
554,-546,-30,690,3278,4676,5250
555,-124,78,790,3300,4658,5910
556,238,294,930,3728,4746,5968
557,-208,-282,692,3068,4630,5882
558,204,184,830,3422,5082,6138
559,162,346,994,3204,4918,5834
560,248,374,1086,3354,5076,5952
561,96,286,992,3336,4970,6050
562,214,426,1202,3270,4948,6038
563,378,670,1214,3270,4860,6228
564,300,644,1730,3474,4762,6174
565,120,308,1066,3278,4708,6234
566,-158,58,702,3386,5060,6114
567,-288,36,776,3576,5252,6134
568,360,532,1288,3826,5616,6110
569,250,430,1022,4040,5742,6162
570,194,484,812,3792,5438,6128
571,68,-60,612,3352,5076,5936
572,-68,-116,470,3274,5118,5932
573,-124,-330,264,3004,4780,5838
574,68,-114,270,3094,4538,5912
575,288,-104,250,2998,4734,6404
576,152,102,494,3014,4842,6846
577,-74,-94,400,2638,4500,5970
578,56,-60,868,2638,4252,5822
579,-74,-198,884,2650,4456,5948
580,272,20,1028,2950,4690,6022
581,474,152,900,3210,4662,6346
582,-80,-244,846,3062,4706,6876
583,132,-150,918,3050,4964,6442
584,22,8,770,2918,4664,6050
585,392,468,1184,3054,4988,6244
586,198,426,1194,2816,4692,5918
587,118,406,948,2572,4750,5962
588,-202,2,440,2690,4606,6050
589,-124,280,236,2884,4628,5852
590,-166,186,44,2754,4884,5942
591,-414,-58,-144,2300,4742,5534
592,-678,-568,-844,1806,4162,5228
593,-534,-256,-1082,1862,4640,5722
594,-52,-14,-850,1958,4766,6276
595,48,-216,-788,1790,4966,6154
596,88,-232,-656,1966,4842,5894
597,4,-416,-766,2064,4956,6238
598,126,-196,-662,2062,5332,6530
599,-30,-148,-636,2022,5286,6160
600,-296,-410,-984,2006,5008,6002
601,28,56,-784,2124,5054,5866
602,84,24,-774,2306,5204,6038
603,-70,94,-652,2302,5176,6328
604,-242,152,-658,2318,5092,6508
605,-324,8,-802,2202,4698,6172
606,-536,-276,-1270,1812,4416,5882
607,-106,234,-946,2020,4328,6178
608,370,714,-292,2518,4724,6632
609,348,608,-28,2696,5024,6626
610,44,428,-80,2620,4816,6118
611,168,368,-176,2486,4316,5732
612,602,1050,398,2658,4796,6260
613,158,1042,648,2768,4894,6416
614,-320,242,28,2126,4436,5564
615,-556,-238,-586,1782,4140,5296
616,-246,40,-512,1792,4280,5574
617,-240,166,-544,1892,4156,5436
618,-396,156,-298,1722,4534,5688
619,-140,170,-204,2108,4542,5878
620,-226,-56,-612,1950,4364,5986
621,-778,-544,-1174,1642,4130,5732
622,-904,-618,-1274,1542,3970,5416
623,-584,-636,-1308,1684,4244,5680
624,-192,-444,-1226,1954,4586,5778
625,96,-208,-938,1978,4958,5936
626,154,28,-1008,2068,5212,5900
627,170,256,-952,2060,5374,6032
628,372,384,-912,2400,5512,6270
629,210,164,-834,2720,5700,6304
630,112,224,-976,2806,5438,6016
631,364,410,-746,3182,5420,6198
632,404,568,-352,3330,4932,6278
633,434,414,-376,3372,5038,6188
634,-88,8,-618,3186,4318,6106
635,-166,-272,-866,2920,4170,5640
636,324,166,-640,3008,4028,5736
637,-88,-64,-968,2840,3924,5276
638,-110,-288,-1200,2780,3834,5520
639,158,-18,-1012,3082,4050,6022
640,-336,-654,-1536,2494,3894,5760
641,236,-266,-1408,2878,4238,6346
642,120,-318,-1282,2580,4266,6266
643,-490,-772,-1748,1984,4312,5806
644,-74,-478,-1698,2392,4850,5616
645,-396,-494,-1856,2128,5082,5518
646,62,-108,-1682,1966,5044,5946
647,516,648,-1180,2598,5060,6068
648,394,908,-716,2562,5188,6096
649,-96,224,-1106,2096,4672,6098
650,102,242,-1076,2618,5042,6262
651,286,468,-696,3014,5226,6256
652,88,536,-344,3076,5384,6620
653,178,660,-96,3440,5490,6676
654,492,920,348,3856,5696,6732
655,366,686,370,4016,5858,6852
656,500,792,604,4026,5912,7084
657,452,712,520,4032,5716,6648
658,378,810,724,4054,5764,6128
659,378,640,582,3908,5518,6016
660,630,936,780,4174,5602,6266
661,188,986,580,3986,5616,6386
662,344,974,994,4294,5896,6826
663,-362,238,192,3674,5298,6044
664,-176,86,224,3444,5062,6304
665,-534,-228,110,3210,4942,6132
666,-54,-414,-18,2700,4922,6250
667,162,-138,136,2802,5192,5986
668,118,-218,206,2762,4836,6102
669,-150,-300,240,2650,4890,6038
670,96,-234,774,3094,5150,6046
671,656,414,1198,3476,5998,6406
672,2,106,768,3164,5780,6256
673,-410,-424,352,2872,5426,5820
674,-76,-330,496,2972,5522,6258
675,-108,-384,386,2800,5110,6078
676,-134,-296,406,3170,5274,5968
677,-216,-250,300,2932,5500,5762
678,-110,-394,312,3006,5100,5948
679,-160,-122,530,3008,4564,5606
680,224,46,464,2982,4716,5636
681,104,306,440,3110,4856,5950
682,306,114,320,3336,4792,5844
683,-18,-60,246,3624,4658,6368
684,-206,-368,-4,3784,4638,6034
685,-436,-640,-520,3432,4224,5430
686,314,-142,-12,3622,4396,5898
687,122,-390,-74,3572,4456,6142
688,-26,-394,32,3408,4448,6708
689,4,-312,64,3340,4682,6394
690,198,38,240,3082,4598,6156
691,-82,-104,100,2734,4518,5886
692,352,148,206,2738,4700,6084
693,38,-48,110,2664,4554,5672
694,26,94,-50,2540,4518,5606
695,-140,-172,-334,2146,4442,5476
696,18,-234,-330,2130,4222,5688
697,406,340,164,2558,4572,5950
698,524,360,416,2840,4822,6104
699,540,388,594,2914,4890,6432
700,510,596,892,3448,5274,6388
701,8,12,578,3412,4954,6058
702,-82,-90,408,3432,4666,5868
703,-228,12,730,3418,4674,5696
704,-254,-152,372,3238,4418,5718
705,-176,-522,-10,3164,4132,5682
706,-348,-700,-446,2822,4210,5696
707,96,-242,-248,2836,4406,5850
708,-102,-308,-480,2542,4588,5908
709,-226,-204,-204,2634,4672,5828
710,-438,-574,-486,2308,4200,5794
711,-224,-400,-436,2508,3840,5824
712,-144,-34,-204,2738,3638,5600
713,132,378,144,3248,3974,5750
714,-262,40,-74,3176,3778,5558
715,-334,-362,-562,3044,3662,5156
716,-242,-310,-320,3034,3864,5432
717,-310,-312,-354,3024,4264,5964
718,-278,-432,-526,2690,4312,5948
719,-382,-700,-468,2854,4504,6332
720,-416,-418,-820,2804,4526,5762
721,-222,-402,-630,3078,4522,5906
722,-20,160,-516,3280,4544,5396
723,290,152,-420,3172,4558,5346
724,158,-20,-406,3030,4578,5696
725,270,44,-354,3272,4608,5810
726,142,-86,-124,3176,4948,5992
727,-262,-510,-720,2768,4614,5444
728,196,-288,-130,3282,5098,5950
729,466,22,234,3598,5666,5954
730,90,166,428,3948,5910,6444
731,-224,-110,186,3820,5186,6094
732,6,34,524,3874,5208,6108
733,-388,-240,76,3458,5114,5914
734,-656,-536,-288,2938,4666,5906
735,24,-276,-24,3320,4936,5742
736,338,-92,-64,3370,5260,6128
737,126,-28,-56,3640,5018,6068
738,-58,-12,-292,3466,4830,5596
739,-394,-340,-836,3306,4746,5556
740,-334,-268,-718,3516,4884,5842
741,0,-220,-476,3578,4944,5916
742,-68,-334,-356,3328,4828,5714
743,-216,-132,-348,3032,5146,5722
744,-328,-420,-190,2812,4980,5494
745,-322,-326,-118,3068,4986,5608
746,158,38,328,3006,5186,5722
747,-26,222,468,2870,5270,5878
748,-256,-94,150,2690,5238,6032
749,-118,-148,-74,2950,4954,6192
750,336,6,164,3474,5170,6438
751,-12,-76,178,3282,5092,6578
752,-182,-24,204,3020,5020,6366
753,-424,-394,-210,2762,4810,6328
754,-600,-884,-938,1990,4322,5864
755,-748,-1166,-1184,1686,4336,5406
756,-498,-1012,-1152,1998,4620,5470
757,-28,-338,-938,2178,4858,6016
758,100,-270,-756,2446,4962,6312
759,78,-194,-628,2704,5204,6680
760,368,26,-320,3044,5448,6900
761,358,58,-364,2798,5422,6618
762,326,136,-300,2902,5328,6374
763,532,426,104,2870,5496,6720
764,390,512,282,2768,5704,6510
765,-112,38,-38,2608,5338,6326
766,194,470,474,2716,5330,6434
767,60,334,618,2728,5446,6372
768,-46,42,414,2940,4956,6084
769,-138,8,458,2982,4910,6226
770,-20,222,766,3146,5062,6018
771,-252,-100,558,3342,5132,6304
772,-18,144,662,3170,4946,6304
773,28,-322,350,3236,4842,5904
774,-242,-664,168,3194,4756,5868
775,-40,-478,316,3030,4864,5934
776,122,-62,568,3364,5148,6254
777,-74,-254,488,3008,4884,6004
778,-370,-498,244,2990,5196,6274
779,-654,-656,-16,2888,4584,6092
780,-214,-450,-140,3110,4554,5928
781,-26,-16,-42,3264,4840,6372
782,416,308,434,3686,5576,6624
783,324,152,394,3556,5036,6478
784,36,10,686,3606,5136,6560
785,168,366,826,3676,5476,6602
786,-98,240,758,3462,5200,6642
787,-94,280,794,3258,5090,6508
788,-100,150,932,3350,5260,6460
789,-282,74,912,3630,5182,6366
790,-552,-234,406,3446,4818,5824
791,-2,64,420,3480,4870,5888
792,-232,-206,568,2978,4678,5698
793,28,-130,740,3026,4544,5774
794,-4,-14,1068,3094,4944,5804
795,-352,-252,628,2546,4804,5672
796,-418,-214,684,2624,4996,5754
797,-318,-210,704,2790,4736,5592
798,-914,-742,116,2580,4668,5454
799,-748,-666,-96,2714,4492,5602
800,-448,-724,-644,2346,4322,5572
801,-142,-594,-616,2484,4388,5920
802,-166,-440,-464,2802,4396,5934
803,194,-240,-352,3064,4614,6068
804,42,-20,-150,3038,4724,5700
805,-156,-220,-376,3038,4624,5930
806,-58,-600,-320,2844,4632,5640
807,-294,-906,-614,2642,4480,5978
808,106,-510,-426,2772,4574,6214
809,-8,-386,-296,3038,4694,6398
810,30,-332,-52,3190,5094,6362
811,-138,-154,-90,3254,4894,6040
812,-148,-130,216,3550,5090,6324
813,-84,-18,42,3768,4808,6248
814,-164,-216,66,3620,4688,5974
815,28,-48,132,3422,4992,5890
816,-82,-84,-300,3158,4726,5886
817,-180,12,34,3186,4852,6114
818,-74,18,-78,2950,4580,6236
819,22,236,26,3250,4706,6302
820,-18,24,-92,3160,4698,6224
821,-216,-438,-576,2474,4244,5690
822,-770,-944,-810,2212,3972,5146
823,-354,-732,-802,2504,3948,5348
824,-198,-552,-862,2646,3968,5400
825,-352,-990,-858,2426,3986,5326
826,-338,-604,-718,2126,4086,5300
827,-218,-474,-598,2352,4006,5634
828,240,-122,-310,2370,4536,6332
829,414,-12,-56,2704,5260,6648
830,-182,-402,-296,2824,5300,6414
831,100,160,86,3058,5490,6718
832,0,-4,-24,2768,5210,6470
833,-56,-198,-74,2666,5098,5842
834,136,-124,-100,2356,5394,5810
835,248,-40,8,2714,5462,5794
836,44,34,-150,2690,5340,5936
837,-408,-436,-916,1938,4684,5370
838,-406,-726,-1336,1510,4544,5372
839,56,-178,-916,1896,4934,5712
840,92,-80,-638,1948,5208,6086
841,-422,-456,-910,1502,5028,5876
842,-124,-320,-1046,1428,4634,5976
843,-228,-270,-992,1500,4568,5768
844,196,126,-634,1808,4802,6058
845,-158,24,-758,1798,5034,5948
846,56,28,-618,2106,5190,5880
847,-92,-44,-112,2474,5414,6066
848,134,154,80,2738,5564,6254
849,202,502,170,2992,5606,6086
850,-60,290,-172,3050,5090,6198
851,172,384,-94,3104,5152,6334
852,-626,-166,-436,2562,4382,5998
853,-532,-472,-986,2432,4504,5940
854,-364,-280,-998,2528,4740,6068
855,-218,-238,-930,2702,4918,6070
856,-94,-130,-684,2708,5034,5954
857,-114,-34,-808,2680,5172,5750
858,-16,34,-550,2746,4886,5866
859,540,414,-358,3018,4968,6480
860,582,636,46,2928,5036,6310
861,24,504,44,2606,4466,6002
862,-116,390,340,2554,4320,5928
863,78,432,406,2732,4752,6104
864,520,664,588,2848,5164,6640
865,98,326,486,2750,5128,6132
866,-216,-40,168,2554,5018,5740
867,114,376,284,2718,5654,5806
868,72,314,340,2788,5520,5774
869,208,518,532,2996,5568,5880
870,-126,124,294,2944,5066,5826
871,-108,-88,342,3028,4790,6100
872,378,172,464,3090,5276,6352
873,260,16,528,3080,5264,6460
874,288,28,486,3086,4654,6566
875,188,136,382,3530,5002,6560
876,362,334,632,3542,5074,6290
877,110,334,470,3898,5302,5802
878,-122,46,20,3260,4646,5630
879,-420,-130,132,3154,4970,5686
880,-78,126,528,3564,5478,6134
881,248,426,548,3408,5564,6106
882,-42,144,560,3392,5430,5936
883,212,258,870,3594,5518,6178
884,-136,-158,360,3190,5008,5728
885,32,-148,280,3240,4924,5768
886,264,480,846,3470,4602,5448
887,288,672,932,3644,4696,5584
888,84,374,738,3502,4972,5486
889,-22,192,756,3340,4936,5362
890,20,224,816,3630,4878,5222
891,574,684,1334,4184,5044,5866
892,162,310,1058,3988,5022,6188
893,-230,-68,842,3924,4804,6458
894,-148,-20,690,3524,4818,6422
895,166,234,998,3752,5110,6292
896,118,46,778,3620,4872,6080
897,-244,-474,396,3342,4386,5462
898,-92,-236,538,3330,4612,5360
899,28,-60,588,3340,4700,5332
900,-30,-98,624,3290,4788,5606
901,276,106,492,3246,4764,5588
902,-228,-536,0,2562,4788,5552
903,96,-124,382,2962,4536,6160
904,220,-64,342,3290,4224,6228
905,-80,-188,452,3570,4306,6208
906,-610,-670,106,3596,4224,6070
907,-456,-536,18,3412,4288,6004
908,20,-340,120,3330,4326,6048
909,130,-52,-16,3358,4648,6224
910,42,-68,-316,3052,4526,5974
911,-102,-26,-178,3240,4760,5886
912,-192,-220,-186,3322,4780,5594
913,-58,0,112,3398,4940,6002
914,-172,-92,146,3184,5016,6288
915,-114,-6,290,3048,4894,6150
916,-336,-222,-110,2664,4402,6008
917,-38,-278,64,2888,4738,6392
918,-164,-320,-52,3034,4854,6592
919,-70,-72,102,3212,4858,6278
920,332,20,190,3390,4826,6498
921,302,190,350,3190,4476,6090
922,-162,-10,280,3104,4402,5840
923,-56,110,32,3016,4382,5738
924,128,248,394,3020,4610,5736
925,186,234,224,3234,4706,5890
926,-114,-68,4,3462,4992,5908
927,-240,-236,164,3260,5212,5928
928,-836,-620,-226,2670,4928,5810
929,-688,-834,-516,2526,4744,5736
930,-358,-892,-412,2430,4504,5892
931,284,-262,198,2958,5246,6776
932,162,-148,574,2762,5598,6858
933,68,290,646,2938,5636,7094
934,-298,-82,162,2798,4994,6472
935,154,88,734,2892,5248,6470
936,96,382,664,2954,5112,6616
937,76,492,632,3100,4946,6290
938,-320,58,94,3110,4714,6148
939,-250,44,364,3126,4480,6028
940,-480,-580,212,2652,4332,6084
941,-224,-676,54,2540,4144,5840
942,-250,-528,-184,2584,4234,5962
943,-120,-450,-226,2974,4100,6002
944,-156,-616,-438,2876,4312,5308
945,-384,-874,-426,2698,4548,5442
946,-262,-680,-458,2890,4846,5514
947,100,-380,-308,2622,4836,5448
948,264,-80,-54,2670,4766,5572
949,256,0,38,2720,4982,5832
950,164,-24,150,3242,5158,5946
951,16,-144,226,2940,5264,5698
952,-202,-358,434,2734,5164,5682
953,-362,-622,488,2468,4940,5704
954,-672,-878,88,2074,4352,5444
955,-110,-482,290,2290,4414,5470
956,32,-338,138,1834,4668,5804
957,242,-540,60,1936,4546,6010
958,-16,-372,104,2294,4728,6308
959,-16,-272,66,2746,4632,6106
960,-300,-726,-460,2416,4384,6136
961,-610,-1078,-590,2386,4554,6092
962,-400,-874,-562,2256,4864,6180
963,-634,-1134,-1116,1958,4660,5666
964,-404,-1058,-1220,1880,4616,5498
965,-458,-978,-1222,1846,4564,5330
966,-306,-766,-1058,2130,4886,5646
967,-164,-568,-844,2032,4630,5984
968,36,-112,-540,2164,5056,6124
969,258,290,-486,2362,4892,6078
970,-34,302,-590,2218,4858,5976
971,-372,18,-492,2590,5106,6086
972,-142,200,-356,2638,5582,6248
973,-174,230,-162,3006,5874,6216
974,32,252,-32,3044,5872,6302
975,-152,-32,106,2852,5414,6160
976,0,-248,-104,3062,5234,6086
977,188,188,240,3328,5006,5832
978,-226,2,234,2896,4992,5852
979,256,258,264,3154,5156,6244
980,80,224,86,3140,4886,6098
981,12,100,184,3268,5086,6252
982,232,220,280,3376,5310,6112
983,90,68,388,3290,5526,6226
984,194,316,714,3350,5474,6344
985,240,618,966,3608,5452,6434
986,-136,360,784,3314,5070,5742
987,-274,56,454,3112,4684,5266
988,158,312,476,3472,5170,6064
989,116,376,776,3626,4992,6234
990,-16,222,728,3366,5202,6178
991,270,334,652,3230,5046,6214
992,448,612,1086,3606,5182,6738
993,188,394,840,3460,4994,6202
994,646,624,1160,3684,4890,6126
995,674,856,1378,3858,5302,6262
996,446,816,1456,3910,5712,6192
997,140,732,1544,4038,5890,6144
998,-140,62,700,3288,5050,5468
999,168,192,962,3174,5112,5894
1000,190,24,884,2884,4876,5804
1001,184,-32,626,2888,4898,5738
1002,-158,-304,908,3138,4848,5808
1003,-148,-244,540,2828,4718,5732
1004,-84,-144,334,2808,4838,6112
1005,332,450,864,3178,5306,6380
1006,162,340,754,3272,5336,6508
1007,-206,-50,690,3148,5164,5930
1008,-236,-376,450,3088,5100,5948
1009,-172,-212,436,3240,5024,5548
1010,-70,-444,128,2834,4754,5578
1011,-78,-418,230,3064,4992,5734
1012,136,2,454,3176,5236,6346
1013,454,410,528,3204,5430,6374
1014,88,216,652,3266,5242,6310
1015,86,206,586,3440,5830,6262
1016,-46,30,270,3386,5776,6374
1017,-52,-114,6,3156,5692,6218
1018,-256,-186,180,3256,5270,5980
1019,94,-188,-50,3454,4816,5810
1020,-138,-524,-244,2848,5062,5600
1021,222,-208,156,2840,5184,6294
1022,234,-212,22,2668,5234,6380
1023,-232,-628,-634,2316,4964,6200
1024,-510,-840,-890,2356,5122,6176
1025,-328,-788,-886,2378,5274,5896
1026,-490,-912,-986,2300,5324,5422
1027,268,-310,-392,2532,5544,5352
1028,-134,-296,-624,2692,4886,5236
1029,-92,-220,-500,2716,4926,5502
1030,72,-178,-604,2776,4866,5734
1031,274,-2,-436,3136,5142,6170
1032,170,70,-304,2988,5422,6148
1033,156,-150,-364,2926,5162,5984
1034,-74,-322,-354,2630,4922,5644
1035,-580,-572,-758,2300,4202,5490
1036,-894,-872,-1272,1708,3794,5232
1037,-690,-1008,-1260,1610,3886,5458
1038,-430,-538,-1118,1520,4204,5382
1039,-100,-174,-946,1572,4392,5710
1040,-282,-152,-1104,1316,4146,5552
1041,-22,-146,-1262,1512,4630,5702
1042,-334,-370,-1316,1356,4650,5966
1043,-72,-62,-994,1662,4968,6278
1044,-14,-70,-1172,1348,4880,6204
1045,-130,-316,-1166,1264,4864,5958
1046,-52,-58,-1068,1570,4754,5844
1047,-270,46,-946,1482,4464,5480
1048,-350,-462,-1500,1292,4338,5344
1049,-94,-6,-1312,1454,5030,5890
1050,-200,-128,-1572,1378,4752,5810
1051,-34,106,-1498,1510,4830,6082
1052,-54,-170,-1748,1262,4942,6156
1053,-10,-64,-1678,1628,5082,6308
1054,-72,-178,-1770,1710,5226,6492
1055,10,-308,-1668,1890,5338,6420
1056,50,-82,-1340,2040,5570,6218
1057,180,6,-828,2284,5646,6430
1058,-12,-74,-818,2428,5746,6644
1059,6,-176,-608,2832,5584,6418
1060,196,-2,-720,3064,5588,6264
1061,144,-20,-650,3214,5732,6428
1062,-248,-284,-596,3248,5302,6170
1063,-248,-8,-406,3186,5128,5960
1064,-106,32,-132,3252,5146,5832
1065,-200,-78,-126,3098,5114,5580
1066,-228,-238,-138,3226,5214,5728
1067,-208,-240,-28,2754,5056,5666
1068,72,-308,-216,2482,5172,5540
1069,344,-66,-144,2314,5102,5402
1070,246,240,98,2590,5088,5516
1071,200,286,198,2908,5374,5680
1072,8,96,32,2910,4976,5418
1073,428,598,214,3154,4998,5352
1074,-42,-22,-198,2798,5030,5318
1075,-352,-398,-246,2820,5118,5536
1076,22,-146,62,2894,5134,5800
1077,318,276,176,2794,5224,6292
1078,78,50,-32,2442,4674,5968
1079,-16,-162,10,2328,4934,6118
1080,-82,-72,14,2212,5068,6316
1081,12,10,344,2062,4992,6148
1082,-452,-476,242,1952,4518,6146
1083,-204,-392,274,2242,4756,6062
1084,-236,-412,146,2268,4642,5662
1085,-250,-320,-100,2032,4576,5668
1086,-260,-710,-346,2048,4700,5734
1087,-332,-882,-674,1832,4216,5438
1088,-332,-546,-660,1734,4286,5450
1089,-70,-280,-762,1872,4140,5262
1090,-86,-394,-924,2316,4410,5466
1091,176,-92,-550,2848,4752,5996
1092,-20,-626,-632,2940,4582,6262
1093,-30,-766,-798,2890,4624,5824
1094,28,-566,-624,2790,4498,5496
1095,-248,-712,-788,2714,4514,5492
1096,298,-298,-738,2824,4774,6084
1097,256,-136,-710,2666,4810,6314
1098,260,38,-628,2946,4938,6660
1099,-288,-406,-784,2554,4442,5948
1100,26,-72,-702,2816,4636,5816
1101,374,468,-466,3548,4866,6276
1102,186,128,-448,3634,4466,6030
1103,116,180,-482,3600,4114,5880
1104,164,316,-518,3864,4300,5740
1105,-54,40,-510,3546,4392,5576
1106,64,124,-462,3480,4398,5546
1107,-54,566,-126,3578,4574,6108
1108,-110,218,-238,3322,4396,6292
1109,240,220,-182,3360,4228,5976
1110,138,-378,-402,3462,4134,5562
1111,-432,-722,-952,3000,3954,5372
1112,100,-210,-694,2988,4280,5380
1113,-328,-536,-960,2490,4268,5126
1114,-156,-446,-866,2566,4164,5526
1115,-368,-532,-814,2626,4000,5450
1116,108,-164,-504,3180,4760,5942
1117,294,420,-92,3666,5090,6194
1118,-476,-242,-526,3246,4970,6232
1119,-202,-142,-358,3304,5078,6298
1120,760,842,430,4106,6086,6802
1121,434,746,566,3890,5716,6454
1122,148,494,428,3662,5634,6662
1123,-346,-68,-146,3218,5198,5832
1124,-580,-468,-520,2952,4726,5806
1125,-710,-818,-724,2742,4346,5634
1126,-456,-590,-894,2342,3998,5402
1127,-152,-272,-696,2612,4182,6014
1128,-162,-300,-428,2792,4280,6660
1129,-380,-600,-654,2632,4312,6740
1130,-364,-600,-688,2364,4486,6590
1131,52,-344,-508,2432,5200,6610
1132,-140,-386,-434,2440,4832,5972
1133,-242,-540,-504,2464,4614,5698
1134,-94,-248,-362,2566,4980,5918
1135,100,-242,-462,2672,4944,5754
1136,-40,-230,-244,3128,4750,5878
1137,-52,-236,-122,2842,4536,5758
1138,178,-192,-274,3012,4800,5736
1139,42,-112,-276,3084,5080,6238
1140,-188,-188,-142,3166,5120,6040
1141,-62,-40,-50,3284,5206,6118
1142,378,280,580,3586,5298,6188
1143,388,122,604,3518,5242,6196
1144,772,414,766,3700,5454,6494
1145,716,344,802,3658,5056,6592
1146,50,-90,824,3140,4824,5896
1147,330,2,550,2794,4650,5854
1148,-172,-146,426,2424,4586,5812
1149,-402,-472,144,1894,4480,5468
1150,-518,-420,108,1812,4390,5354
1151,100,-120,250,1644,4232,5326
1152,-176,-514,-98,1122,3674,5682
1153,242,4,160,1448,4112,6144
1154,452,272,366,1934,4418,6202
1155,418,214,524,2088,4200,6310
1156,218,46,334,1876,4388,6290
1157,84,-6,294,1848,4268,6190
1158,344,96,632,2158,4724,6144
1159,64,-56,422,2398,4918,6156
1160,60,-42,344,2418,4776,6384
1161,-168,-368,-330,2216,4216,5992
1162,-100,-338,-180,2550,4526,6028
1163,-134,-202,-324,2656,4724,6138
1164,34,-158,-436,2628,4560,6180
1165,-236,-412,-486,2446,4212,5976
1166,-278,-328,-488,2532,4366,5946
1167,-112,86,-334,2794,4224,5780
1168,-36,-18,-162,2754,4696,5730
1169,98,228,486,3204,4950,6012
1170,-76,-146,54,2518,4732,5906
1171,-76,-94,-66,2358,4982,5450
1172,124,188,194,2558,4970,5844
1173,434,480,886,2682,5116,6144
1174,126,48,804,2764,5278,6178
1175,-20,-14,714,2762,5036,6248
1176,414,238,634,2782,5156,6278
1177,448,468,804,2648,4884,6180
1178,374,494,934,2636,4682,6408
1179,-62,132,502,2690,4468,6292
1180,88,4,300,2844,4448,6126
1181,-44,-260,270,2762,4690,6350
1182,-154,-230,18,2672,4614,6134
1183,76,-138,172,3094,4966,6296
1184,134,58,160,3246,5110,6344
1185,248,-170,112,3016,5064,6318
1186,168,-218,340,3028,5064,6056
1187,178,-136,162,2822,5188,5848
1188,104,156,192,2332,5116,5872
1189,-210,-182,86,2182,4854,5628
1190,-614,-484,-198,1672,4184,5360
1191,-542,-386,-208,1868,4240,5356
1192,72,58,228,2250,4614,6246
1193,-34,2,334,2228,4438,6020
1194,-116,86,690,2120,4716,6502
1195,-120,84,984,2156,4956,6832
1196,54,82,1012,2370,4736,6214
1197,-542,-548,342,2486,4148,5980
1198,2,-386,158,2180,4112,5956
1199,-480,-566,-196,1840,3914,5422
1200,-94,88,206,2206,4448,5972
1201,-272,-216,26,2178,4750,5896
1202,-254,-628,-312,1766,5044,6184
1203,366,-192,130,2350,5432,6400
1204,348,126,206,2578,5688,6202
1205,556,292,484,2932,5854,6228
1206,392,146,548,3384,6126,6288
1207,34,348,476,3394,5648,6114
1208,58,260,278,3118,5462,6304
1209,22,312,528,2894,5232,6222
1210,96,440,704,3014,5468,6322
1211,8,328,682,2636,5324,6164
1212,136,466,934,3180,5562,6572
1213,-198,322,760,2882,5600,6260
1214,-354,158,484,2986,5610,5888
1215,-190,204,694,2836,5382,6168
1216,-230,26,564,2742,5110,6290
1217,114,488,962,3228,5268,6390
1218,616,742,1236,3330,5420,6250
1219,154,328,856,2942,5040,5730
1220,382,430,952,3416,5318,6006
1221,196,0,590,3250,5600,5976
1222,180,20,464,2748,5470,5954
1223,286,-54,594,2848,5570,5994
1224,542,44,764,3308,5838,6386
1225,284,-122,750,3152,5420,6098
1226,38,-214,934,3006,4976,5796
1227,470,122,1404,3308,5012,5630
1228,362,188,1586,3288,5256,5808
1229,132,-66,1380,3070,5120,5898
1230,52,2,1322,2792,4728,5954
1231,112,-170,1008,2104,4804,6280
1232,-38,-460,800,2050,4766,5934
1233,180,-296,684,1922,4760,6486
1234,140,-114,946,2216,4904,6394
1235,462,242,1148,2214,5414,6452
1236,-36,-190,850,2208,5306,6194
1237,-116,-76,1058,2570,5366,6070
1238,-54,-28,772,2698,4588,5668
1239,-322,-372,376,2704,4348,5716
1240,-304,-652,154,2838,4424,5410
1241,-330,-674,146,3130,4402,5660
1242,-164,-678,-162,2864,4380,5966
1243,-178,-532,-344,2718,4132,5872
1244,-38,-448,-242,3044,4426,6370
1245,190,-158,-498,3020,4536,6232
1246,326,104,-440,3030,4578,6062
1247,-288,-580,-1196,2752,4402,5664
1248,-218,-366,-1100,2848,4908,5758
1249,-288,-4,-978,3320,5118,5924
1250,50,98,-1022,2964,4888,6006
1251,-266,-168,-1086,3112,4980,5676
1252,-388,-304,-968,3354,5110,5720
1253,-74,224,-486,3556,5460,6068
1254,102,150,-280,3312,5334,6176
1255,-212,44,-332,3330,5056,6214
1256,264,440,-230,3300,4922,6188
1257,956,628,188,3648,5062,6194
1258,468,606,264,3746,4858,5744
1259,326,584,336,3680,4844,5804
1260,-166,112,-2,3092,4790,5792
1261,-114,264,-26,3410,4864,6020
1262,68,194,-164,3634,5266,6054
1263,-238,-194,-382,3418,4956,6170
1264,-166,-434,-348,3392,5318,6398
1265,-102,-286,20,3262,5194,5990
1266,88,-66,258,3272,5356,5992
1267,424,620,762,3754,5174,6050
1268,418,1034,952,4036,5742,6478
1269,26,456,960,3412,5370,6178
1270,-252,-72,532,3156,4908,6010
1271,26,140,610,3426,5084,5838
1272,-260,236,724,3564,5382,5824
1273,-354,106,340,3378,4928,6080
1274,-356,32,14,3368,4478,6130
1275,-450,-82,-254,3212,4176,5980
1276,-328,-138,-426,3184,4176,5950
1277,-282,-94,-562,2850,4300,5662
1278,262,196,-410,2756,4462,6204
1279,218,312,-262,2744,4474,6292
1280,-326,-288,-554,2552,4436,5772
1281,-304,-144,-630,2474,4110,5580
1282,-288,-210,-256,2516,4220,5844
1283,-24,-202,136,2676,4230,6262
1284,28,-108,140,2548,4702,5840
1285,388,396,420,2976,5438,6310
1286,396,606,568,3306,6026,6424
1287,400,748,688,3208,5818,6392
1288,42,426,652,2918,5078,6092
1289,116,316,612,2928,5168,6140
1290,-194,-20,498,2866,4734,6242
1291,-36,190,264,2576,4236,6078
1292,100,218,350,2788,4430,6366
1293,44,90,160,2690,4402,6264
1294,288,268,540,2916,4726,6318
1295,320,388,662,3034,5140,6774
1296,164,414,858,2958,5156,6948
1297,234,470,876,2680,5170,6658
1298,266,500,996,3232,5246,6818
1299,270,464,738,3114,5118,6492
1300,-132,-92,330,2494,4734,5980
1301,-210,-438,-102,2526,4336,5728
1302,-20,-170,38,2546,4300,5826
1303,90,-360,-150,2262,4144,5410
1304,116,-300,-348,2480,4378,5792
1305,54,-404,-444,2454,4686,6262
1306,88,-286,-340,2740,5024,6240
1307,84,-282,-600,2858,4918,5932
1308,416,-400,-466,3030,4934,5842
1309,174,-480,-498,2692,5012,5942
1310,118,-462,-572,2480,5268,6482
1311,412,-136,-582,2462,5470,6582
1312,84,-136,-638,2664,5198,6598
1313,66,-310,-692,2370,5184,6420
1314,-108,-388,-1030,2224,4886,6078
1315,-102,-350,-1030,2494,5228,6482
1316,36,-24,-700,2806,5230,6446
1317,22,28,-758,2494,5162,6086
1318,10,44,-790,2602,4906,6112
1319,-104,-248,-766,2666,4982,6106
1320,216,-126,-394,2814,4804,6106
1321,-72,-400,-620,2332,4444,5730
1322,-14,36,-446,2550,4406,6172
1323,-166,-222,-642,2556,4196,5976
1324,-90,-46,-462,2514,4330,5746
1325,-174,-290,-910,2074,4022,5874
1326,-222,-310,-694,2102,4098,5578
1327,40,-90,-500,2282,4258,5778
1328,-258,-294,-486,2260,4458,6196
1329,-322,-670,-472,2138,4348,5718
1330,-268,-640,-780,1806,4472,5394
1331,-150,-536,-846,1966,4516,5618
1332,284,148,-152,2484,4930,6286
1333,216,-30,-240,2500,4750,5952
1334,-22,58,10,2708,4816,6056
1335,-158,272,12,2766,5212,6282
1336,-128,-68,-218,2634,5158,6466
1337,88,72,-216,2626,4892,6148
1338,106,-236,-608,2332,4722,6068
1339,82,-56,-422,2524,4892,6104
1340,78,178,-226,2348,4946,6316
1341,198,176,-18,2192,5224,6062
1342,138,232,98,2516,4976,5948
1343,-30,304,32,2304,4882,6086
1344,-112,192,-64,1834,4744,5962
1345,-26,438,404,2352,5094,6078
1346,218,696,696,2684,5052,6062
1347,234,586,664,2716,4914,6144
1348,-132,452,666,2740,5140,6218
1349,-50,236,812,2742,4914,6198
1350,38,694,1298,3262,5170,6244
1351,250,826,1250,3464,5608,6250
1352,106,664,1106,3696,5506,6320
1353,-4,416,792,3682,5432,6562
1354,-240,86,490,3238,5178,6500
1355,-236,-130,246,3362,5148,6550
1356,-356,-432,-166,2972,4792,5820
1357,16,-344,-24,3040,4624,5950
1358,344,-136,78,3160,4692,6394
1359,232,-286,320,3194,4842,6208
1360,234,-94,340,3006,4952,5954
1361,104,-180,66,3010,4904,5588
1362,-508,-802,-162,2616,4806,5376
1363,-180,-458,-78,2852,5046,5842
1364,98,-150,184,2922,5422,5904
1365,-520,-334,212,2928,5132,5846
1366,-336,-242,338,3296,4854,6028
1367,-548,-492,78,2886,4636,5702
1368,-376,-364,284,2738,5062,5834
1369,-120,-278,306,2672,5126,5952
1370,-80,-226,390,2814,5016,6000
1371,-204,-234,466,2718,5046,5924
1372,-66,-114,430,2678,5254,6344
1373,22,18,756,3204,5212,6334
1374,-30,146,662,3358,5386,6312
1375,-76,24,476,3008,4952,6448
1376,-38,-276,384,3004,4862,6104
1377,-228,-438,498,3228,4712,6064
1378,-166,-300,578,3142,4630,6090
1379,0,-102,818,3700,5210,6086
1380,6,-224,694,3434,5024,5616
1381,-58,-214,370,3148,4894,5760
1382,460,450,636,3734,5328,6082
1383,240,108,612,3832,5294,5954
1384,-26,76,314,3784,5456,5966
1385,70,256,636,3772,5642,6242
1386,64,-22,544,3502,5232,6232
1387,58,60,420,3584,5016,6010
1388,84,-52,46,3446,4932,6070
1389,222,90,330,3604,5204,6226
1390,-78,28,30,3462,5284,6264
1391,-196,-312,-300,3370,5296,6244
1392,-246,-318,-134,3340,5606,6290
1393,-332,-490,-160,3302,5104,5890
1394,-478,-484,-442,3286,4932,6048
1395,-82,-176,36,3728,5022,6398
1396,-116,-460,-246,3364,4884,6504
1397,218,-48,2,3608,5058,6466
1398,416,222,672,3888,4872,6072
1399,634,592,1060,4066,5108,6300
1400,668,578,842,3854,4910,6018
1401,144,278,710,3402,4790,6060
1402,92,74,640,3034,4676,6052
1403,104,-24,452,2700,4390,5818
1404,420,342,824,3344,4610,6102
1405,-50,-182,482,3122,4456,6154
1406,-160,-418,366,3402,4598,6058
1407,-390,-472,90,3054,4576,5616
1408,-248,-368,206,3178,4614,5734
1409,-602,-892,-534,2750,4284,5324
1410,-340,-774,-266,3112,4688,5426
1411,2,-360,-12,3244,4758,5650
1412,-94,-626,-260,2934,4638,5764
1413,150,-224,160,2944,5058,5636
1414,-10,-88,86,3132,5232,5644
1415,102,224,450,3390,5482,6150
1416,14,176,460,3222,5798,6390
1417,66,324,466,2876,5188,6228
1418,-170,214,524,2462,4978,6152
1419,-48,170,678,2532,4714,6154
1420,-224,-38,714,2404,4374,6050
1421,-318,-292,788,2464,4592,5620
1422,116,106,1060,2702,4674,5858
1423,226,262,916,2762,4932,6168
1424,-166,-66,202,2416,4712,6070
1425,-286,-118,18,2294,4282,5808
1426,-146,-118,-204,2224,4248,5766
1427,6,32,-408,1828,3860,5780
1428,256,210,-40,1874,4210,6168
1429,264,496,142,2044,4422,6082
1430,434,572,270,2236,4938,6068
1431,274,490,-30,1910,5010,5910
1432,370,774,-62,2372,5010,5724
1433,112,390,-296,2246,4592,5166
1434,-444,46,-516,2054,4530,5044
1435,-280,122,-602,1890,4772,5424
1436,-136,14,-840,1820,4580,5408
1437,-138,24,-1004,1728,4700,5584
1438,-442,-272,-992,1990,4614,5682
1439,-408,-468,-1282,1610,4340,5736
1440,-140,-706,-1412,1754,4390,5964
1441,-312,-614,-1460,1982,4498,5940
1442,-522,-632,-1528,1976,4458,5588
1443,42,-76,-1218,2414,4784,5678
1444,474,322,-538,2808,5688,6360
1445,-30,54,-596,2976,5618,6536
1446,-318,80,-684,3010,5880,6252
1447,392,602,-466,3308,6000,6148
1448,106,280,-326,3032,5656,6346
1449,400,766,-96,3276,5842,6262
1450,-206,468,-70,2992,5608,6744
1451,-336,50,-620,2958,4966,6602
1452,-294,20,-662,2882,4914,6166
1453,-218,110,-344,3084,5514,6674
1454,-172,64,-506,3036,5484,6788
1455,-248,-486,-598,2940,5330,6654
1456,-446,-750,-686,2840,4890,6240
1457,-328,-888,-646,3116,4610,6252
1458,-60,-220,-366,3240,4644,6026
1459,-318,-326,-290,3774,4952,5842
1460,-588,-346,-566,3448,4968,5688
1461,-386,-116,-440,3246,4796,5546
1462,-306,228,-184,3138,5076,5980
1463,-12,366,-108,3028,4830,5946
1464,-118,-240,-588,2682,4406,5550
1465,-214,-324,-1020,2696,4190,5546
1466,-62,-406,-798,2836,4268,5866
1467,254,126,-408,3270,4540,6088
1468,18,-32,-794,3120,4396,6186
1469,-76,-160,-908,2902,4196,6010
1470,58,-132,-740,3240,4488,6192
1471,58,-34,-748,2880,4438,6104
1472,98,94,-720,3036,4596,6246
1473,-26,-282,-1140,2636,4522,5850
1474,110,0,-1120,2880,5026,5908
1475,258,104,-604,3274,5224,6040
1476,-364,-34,-784,3084,5010,5762
1477,-254,28,-1088,2534,4632,5552
1478,-364,-188,-1202,2394,4374,5758
1479,-466,-342,-1124,2734,4384,5664
1480,-408,-476,-1162,2642,4514,5586
1481,58,-228,-1032,2806,4416,5734
1482,-154,-258,-832,2524,4462,5950
1483,50,-72,-776,2662,4366,5946
1484,432,474,-484,2998,4968,6294
1485,656,692,-154,3174,5152,6606
1486,468,440,-44,3074,5128,6228
1487,296,188,76,3146,4904,5876
1488,320,234,588,3512,5024,6020
1489,64,-28,552,3356,4608,5986
1490,158,-92,446,3094,4488,6028
1491,216,108,646,3366,4670,6404
1492,-78,-262,530,3180,4612,5774
1493,190,238,914,3258,4868,5790
1494,558,386,728,3430,5172,6018
1495,458,174,626,3168,5328,5954
1496,246,70,698,3440,5464,6270
1497,182,78,630,3150,5352,6414
1498,174,314,820,3488,5006,6238
1499,144,408,848,3424,4744,6082
1500,220,492,1244,3678,4940,6290
1501,376,704,1090,3740,5030,6004
1502,422,814,1344,3798,4768,5824
1503,326,668,1358,3684,4708,5848
1504,118,678,1484,3474,5186,5840
1505,158,614,1518,3106,4990,5710
1506,-178,268,1334,2808,4704,5624
1507,-102,340,1486,3166,4806,5962
1508,-502,98,940,2634,4252,5754
1509,-214,296,1044,2942,4726,5898
1510,-182,140,1036,3096,4794,5870
1511,-96,258,1152,2936,4680,6014
1512,-252,-68,1108,2960,4670,5850
1513,-106,268,1150,3018,4652,5656
1514,-280,8,1166,3120,4604,5852
1515,-298,-84,1152,3166,4564,5696
1516,-104,-268,998,2998,4154,5678
1517,-20,-108,1120,3200,4292,5988
1518,-30,-318,882,3184,4322,6086
1519,12,-116,794,2866,4396,5998
1520,-496,-890,-162,1976,4104,5598
1521,126,-226,188,2376,4216,5818
1522,-282,-290,-110,2072,4242,5450
1523,-488,-236,32,2062,3996,5220
1524,-104,-188,-30,1968,4174,5272
1525,-160,-302,-198,2202,4036,5532
1526,-78,-36,-116,1984,4120,6316
1527,-158,146,-230,1562,3926,5780
1528,128,326,-344,1586,4118,5874
1529,74,360,-428,1520,4182,6118
1530,-220,394,-552,1364,4216,6052
1531,158,530,-346,1606,4614,6310
1532,406,586,-68,1706,4910,6464
1533,664,686,82,2048,4940,6244
1534,820,658,214,2080,4868,6014
1535,498,546,522,2114,5308,5980
1536,8,124,118,1964,5348,5936
1537,82,228,460,1966,5148,5822
1538,74,112,582,2170,5468,6058
1539,-218,-200,428,2224,5444,5976
1540,-40,-400,244,2542,5514,6250
1541,484,-154,138,2444,5070,6204
1542,204,126,346,2452,4874,6466
1543,-164,-56,312,2126,4872,6518
1544,138,86,806,2710,5302,6520
1545,126,18,512,2802,4984,6072
1546,486,314,666,3042,4988,6484
1547,150,246,632,3184,5142,6006
1548,536,564,1196,3452,5216,6112
1549,524,842,1850,3852,5684,6604
1550,380,726,1880,3886,5486,6572
1551,208,402,1442,3800,4792,6262
1552,432,626,1554,3966,5234,6276
1553,294,682,1426,3706,4914,5942
1554,216,480,1380,3630,4918,6064
1555,340,426,1296,3826,5076,5982
1556,334,326,1256,3716,4916,5812
1557,76,254,948,3586,5034,6022
1558,128,146,852,3296,4784,5998
1559,-2,-84,774,3180,4612,5802
1560,324,258,1142,3288,5296,6114
1561,112,132,1034,2958,5034,5996
1562,8,92,918,2736,4898,5654
1563,-314,-136,714,2924,4954,5718
1564,342,208,906,3204,4874,5928
1565,608,618,1242,3688,5050,6454
1566,-342,-332,610,2994,4910,6312
1567,-228,-204,746,3074,5000,6320
1568,-318,-260,830,3120,5128,6520
1569,-82,-202,612,2744,4784,6508
1570,-4,-34,654,2592,4536,6160
1571,72,-98,574,2314,4860,6008
1572,-330,-552,238,2112,4782,5878
1573,-502,-686,44,2218,4694,5850
1574,50,-230,264,2418,4792,5982
1575,-122,-334,410,2450,4548,5880
1576,244,-112,366,2632,4792,6088
1577,148,-308,344,2730,4972,6224
1578,184,46,472,2750,4998,5990
1579,-48,-140,182,2434,4632,5858
1580,32,-156,270,2620,4268,5486
1581,136,2,460,2820,4582,5768
1582,376,300,688,3062,4726,6198
1583,184,236,900,3352,5308,6324
1584,122,-26,944,3242,5130,6054
1585,278,154,1040,3510,5332,5928
1586,548,506,1088,3674,5604,6102
1587,546,870,1158,3902,5534,6160
1588,284,560,1062,3792,5522,6430
1589,320,504,1132,3598,5446,6248
1590,168,414,1182,3680,5356,6230
1591,376,524,1112,3262,4984,6120
1592,434,510,1262,3168,4932,6082
1593,-86,176,772,2910,4822,5654
1594,338,566,974,3572,5052,6140
1595,400,536,826,3272,5050,6442
1596,396,768,1110,3430,5212,6526
1597,54,742,1436,3638,5156,6284
1598,242,990,1550,3778,5022,5906
1599,46,756,1372,3860,5048,5784
1600,302,1036,1680,3910,5264,6208
1601,148,668,1530,3588,4882,5874
1602,-26,528,1536,3254,4556,5732
1603,160,556,1500,3332,4772,5510
1604,238,822,1614,3448,5260,5802
1605,582,982,1674,3602,5532,5956
1606,-38,598,1396,3084,4916,5802
1607,40,400,1304,3032,4668,5708
1608,-396,-212,1160,2620,4886,5410
1609,-330,-312,986,2590,4784,5600
1610,46,-96,1066,2602,4640,5512
1611,-344,-492,390,2144,4320,5334
1612,-282,-254,726,2146,4480,5728
1613,152,-124,780,2206,4594,5924
1614,242,142,894,2410,4870,6032
1615,174,-34,446,2394,4996,6032
1616,248,380,482,2588,4924,6370
1617,-76,218,476,2926,4840,6400
1618,-30,214,178,3130,5098,5970
1619,-488,-412,-382,2546,4674,5528
1620,-184,-578,-492,2746,4704,6156
1621,-310,-396,-580,2990,5070,6152
1622,-222,-174,-306,3278,5162,6188
1623,-278,-166,-410,2884,4922,5820
1624,-216,-136,-172,2768,5166,5864
1625,-140,-198,-168,2810,5108,5966
1626,132,296,194,3356,5200,6336
1627,72,198,-302,3144,4918,6374
1628,-324,-276,-462,2936,4452,6130
1629,188,-4,-230,3092,4692,5850
1630,-80,150,-318,3172,4738,5700
1631,436,710,-34,3468,4704,6164
1632,46,470,-270,2980,4504,6132
1633,402,778,-102,3396,4872,6286
1634,-208,130,-346,3348,5078,6372
1635,-412,-106,-372,3372,4884,5832
1636,-554,-258,-386,3172,4846,5934
1637,-750,-536,-722,2516,4510,6068
1638,-808,-756,-1134,1932,4624,5842
1639,-504,-668,-1266,1808,4428,5906
1640,-92,-544,-1278,2000,4514,6190
1641,-236,-852,-1366,1736,4146,6330
1642,310,-274,-794,2236,4574,6476
1643,494,156,-536,2446,5086,6746
1644,404,474,-196,2574,5242,6580
1645,64,450,-406,2126,5282,6426
1646,372,684,30,2476,5428,6452
1647,58,264,-280,2716,5684,6268
1648,248,544,58,3228,5206,6626
1649,64,464,142,3484,5058,6260
1650,96,450,192,3624,5112,6594
1651,482,758,442,3812,5372,6490
1652,516,608,642,3472,4880,6036
1653,784,652,846,3614,5150,5934
1654,472,286,424,3344,5050,5682
1655,414,356,578,3226,4892,5808
1656,18,74,228,3158,4830,5868
1657,-348,-490,-58,2880,4828,5762
1658,-82,-156,178,3124,5128,6152
1659,136,134,480,3254,5396,6482
1660,-228,-6,376,2848,5310,6014
1661,70,280,816,3466,5612,6226
1662,0,222,876,3530,5096,6080
1663,-6,-30,572,3216,4886,5970
1664,-8,-30,490,3160,4784,5894
1665,132,-146,664,3532,4884,6360
1666,304,80,798,3612,5308,6478
1667,200,2,594,3518,5676,6392
1668,192,134,518,3474,5476,6240
1669,66,-20,698,3604,5320,5898
1670,278,-158,436,3170,5368,6192
1671,150,174,622,3334,5430,6436
1672,554,726,1046,3540,5150,6752
1673,374,578,974,3378,5296,7006
1674,392,334,850,3572,5320,6790
1675,6,126,826,3252,5414,6552
1676,-104,148,794,3420,5600,6510
1677,-138,92,764,3482,5562,6414
1678,-252,-206,212,2896,5032,6004
1679,74,-250,20,2930,4960,5938
1680,208,22,470,3094,4968,5640
1681,66,2,494,2956,5464,5824
1682,144,60,576,2780,5346,6002
1683,-298,-338,462,2500,4932,5786
1684,-356,-372,418,2664,4838,5860
1685,-20,-144,682,2840,4722,6126
1686,-376,-392,148,2658,4386,5968
1687,14,-284,64,2306,4642,6052
1688,-40,-12,384,2612,4444,6408
1689,292,296,448,2966,4630,6498
1690,198,170,246,2674,4344,5906
1691,342,430,272,3250,4598,5916
1692,354,246,344,3348,4496,5860
1693,266,-6,84,3126,4446,5870
1694,-300,-230,-252,2782,4160,5670
1695,12,212,248,2832,4558,5824
1696,-36,292,370,2934,4774,6102
1697,396,418,474,3368,4808,6378
1698,364,-62,-78,2980,4596,6242
1699,28,-270,-314,3048,4982,6576
1700,276,74,-180,2920,5108,6240
1701,-154,-248,-182,3126,5022,6456
1702,160,-260,-376,3298,5358,6454
1703,-8,-180,-320,3036,4864,5960
1704,-28,-142,-26,3280,5016,6134
1705,56,-38,158,3312,4842,6338
1706,174,76,226,3336,4910,6156
1707,400,202,416,3256,4944,6004
1708,182,246,370,3224,5248,6086
1709,214,248,364,3496,5046,6022
1710,-32,4,-142,3568,5228,6304
1711,390,462,124,3786,5242,6162
1712,506,858,162,3996,5688,6566
1713,212,716,272,4004,5338,5990
1714,326,768,328,3472,5208,5882
1715,262,528,458,3780,4880,5838
1716,494,766,766,3728,5142,5802
1717,-88,94,318,3272,4914,5590
1718,-258,298,376,2884,5062,5734
1719,-262,230,228,2806,5044,6046
1720,-136,450,142,2600,4754,6254
1721,20,446,122,2894,4890,6388
1722,-44,390,174,3094,4886,6394
1723,72,510,286,3040,4840,6144
1724,146,466,166,3242,5170,6450
1725,304,798,480,3294,5514,6890
1726,238,748,508,3194,5238,6738
1727,426,898,1076,3646,5528,6686
1728,200,610,966,3830,5518,6092
1729,390,716,1376,4014,5482,5940
1730,560,664,1306,3606,5100,6140
1731,514,776,1338,3728,5182,5996
1732,402,830,1378,3646,5300,5760
1733,236,632,1502,3810,5254,5914
1734,-124,348,1202,3730,4936,5798
1735,-22,260,1054,3392,4984,5972
1736,-66,172,948,3414,5036,6492
1737,-18,178,1158,3416,5060,6586
1738,-250,-110,728,3316,4748,5840
1739,-280,26,612,3350,4536,5990
1740,-96,384,906,3692,4714,6020
1741,36,114,848,3710,5010,6026
1742,52,176,788,3734,5106,5826
1743,234,80,776,3834,5414,6172
1744,156,84,688,3416,4858,6162
1745,-44,-86,520,3304,4798,6226
1746,-34,-374,442,2994,4658,6238
1747,-250,-390,302,2604,4668,5944
1748,300,208,728,3036,4788,5776
1749,198,184,552,2662,4820,5766
1750,-336,-242,440,2694,4708,5346
1751,-408,-242,446,2718,4912,5560
1752,-608,-350,484,2846,4778,5586
1753,-104,-302,498,3326,4710,5650
1754,-96,-116,228,3288,4912,5776
1755,-142,-216,274,3114,5060,5748
1756,-42,74,346,3150,5170,5722
1757,-318,-362,178,2856,4910,5720
1758,-272,-468,384,3048,4820,5602
1759,-300,-492,234,2542,4368,5430
1760,-178,-44,406,2906,4364,5672
1761,134,-126,450,3250,4518,5608
1762,186,-136,388,3262,4604,5978
1763,-50,-156,218,3046,4534,6122
1764,-4,-228,-236,2528,4108,5770
1765,-52,-302,-420,2514,4056,5650
1766,136,100,-320,3024,4346,6292
1767,126,30,-460,2948,4540,6622
1768,78,-86,-770,2942,4634,6324
1769,476,292,-452,3180,4824,6560
1770,-58,-174,-942,2648,4798,6118
1771,368,326,-154,3212,5264,6138
1772,4,-68,-408,3248,5866,6014
1773,-250,-346,-448,2876,5482,5906
1774,-212,-138,-284,3192,5426,6036
1775,-108,-58,-138,3480,5376,6112
1776,-216,-56,-78,3286,5238,5778
1777,-126,226,24,3244,4972,5632
1778,104,486,298,3584,5176,5842
1779,340,634,378,3696,5360,6008
1780,326,464,276,3576,5236,5998
1781,-98,-116,44,3574,5056,5674
1782,-454,-358,-334,3344,4814,5216
1783,-226,-558,-694,3148,4818,5004
1784,-458,-698,-1100,2434,4330,4890
1785,-382,-448,-736,2492,4612,4966
1786,-262,-362,-564,2334,4758,5100
1787,-16,-418,-316,2262,4736,5026
1788,-124,-452,-418,2090,4606,5342
1789,318,-234,0,1964,5096,5802
1790,90,-584,-164,1790,4638,5846
1791,-330,-768,-510,1524,4406,5484
1792,-340,-884,-902,1358,3898,5904
1793,-380,-930,-974,1292,3954,6190
1794,-122,-702,-996,984,4284,6286
1795,-362,-860,-1340,676,4026,6050
1796,-38,-626,-1440,602,4392,6172
1797,-240,-834,-1524,472,4792,6356
1798,-302,-476,-1266,614,4860,6194
1799,-314,-796,-1408,414,4702,5650
1800,-450,-922,-1638,72,4378,5414
1801,-116,-404,-1290,142,4800,6046
1802,-38,-186,-720,516,5204,6386
1803,382,294,62,940,5696,6308
1804,442,502,510,1222,5754,6446
1805,176,70,320,1190,5820,6338
1806,-110,-260,226,1268,5472,5794
1807,-252,-66,338,980,5644,5848
1808,-350,-78,94,1010,5354,5492
1809,56,152,430,1264,5318,5482
1810,-208,-34,-56,1082,5608,5658
1811,70,-2,-132,1308,5304,5782
1812,-10,110,-224,1610,5012,5958
1813,-220,-4,-170,1734,4890,6070
1814,-210,38,-186,1830,4968,6022
1815,-394,-348,-182,1962,4968,6316
1816,-302,-444,-272,1714,4784,5862
1817,-106,-502,-334,2070,4800,6170
1818,-284,-514,-500,1702,4602,6054
1819,-290,-448,-632,1420,4352,5922
1820,80,-202,-708,1136,4232,5486
1821,376,140,-458,1526,4558,5392
1822,574,336,-190,1642,4648,5388
1823,650,572,-266,1492,5036,5482
1824,720,496,-188,1708,4822,5478
1825,428,580,4,1458,4712,5268
1826,554,638,20,1526,4976,5690
1827,242,474,-246,1592,4828,5576
1828,-110,22,-538,1490,4828,5286
1829,314,128,-396,1498,4906,5536
1830,78,172,-480,1672,5042,5764
1831,-472,-632,-946,1446,4606,5662
1832,266,-220,-646,1168,4846,5816
1833,316,-72,-296,1336,5310,6328
1834,-10,-198,-598,970,5100,6520
1835,136,184,-648,1202,5028,6324
1836,-116,-240,-838,1362,4642,5980
1837,-124,-138,-872,1286,4584,6052
1838,62,-232,-560,1696,4390,6084
1839,-88,-404,-916,1536,4448,5922
1840,196,-8,-536,1634,4394,5800
1841,276,-30,-78,1612,4780,5558
1842,76,-298,76,2154,4870,5690
1843,272,-172,-144,2080,4720,5544
1844,130,-156,-264,2394,4786,5770
1845,246,100,-322,2590,5068,5772
1846,316,362,-78,2428,5210,5858
1847,252,276,-292,2384,5412,6356
1848,194,316,-296,2356,5438,6330
1849,-178,106,-156,2258,5408,6374
1850,-306,-254,-454,2264,5492,6350
1851,-560,-668,-930,1960,5130,6528
1852,-138,-256,-554,2470,5236,6528
1853,194,58,-722,2450,4772,5992
1854,116,14,-1002,2552,4440,5656
1855,-356,-326,-1436,2380,4038,5222
1856,-496,-462,-1650,2426,3954,5806
1857,-8,-216,-1500,2082,3758,6002
1858,-292,-530,-1784,1964,4112,6260
1859,-50,-34,-1566,2082,4536,6184
1860,52,-12,-1610,1748,4708,6402
1861,50,2,-1380,2002,4836,6546
1862,-116,-40,-1270,1758,4940,6230
1863,-426,-274,-1432,1868,4628,5902
1864,-520,-610,-1498,1664,4616,5616
1865,-446,-682,-1624,1676,4828,5810
1866,90,84,-928,2270,5308,5882
1867,110,290,-124,2514,5240,6274
1868,422,280,124,2686,4956,6302
1869,-102,-166,-364,2282,4954,5970
1870,-52,-130,-316,2154,4838,5730
1871,76,52,-110,2684,5174,5880
1872,-222,-290,-206,2852,5326,5912
1873,224,334,190,3062,5494,6334
1874,108,250,170,2984,5276,6174
1875,-28,152,180,2734,4788,5706
1876,-284,-208,150,2592,4680,5464
1877,178,-48,504,2614,5044,5834
1878,144,96,180,2556,4792,5738
1879,326,506,290,2606,4812,5934
1880,74,260,80,2672,4432,6058
1881,-82,-126,-126,2574,4538,6098
1882,136,106,130,2740,4768,6170
1883,8,210,182,2660,4874,6228
1884,-214,332,-224,2602,4854,6206
1885,-86,336,-86,2580,4676,6286
1886,-18,122,8,2986,4528,5790
1887,-110,76,396,3230,4966,5702
1888,90,322,622,3672,5034,5994
1889,76,152,650,3618,5030,5900
1890,-238,-308,98,3154,4720,5726
1891,294,286,252,3772,4786,6100
1892,636,388,224,3818,4984,6124
1893,296,252,504,4146,5330,6372
1894,186,48,210,3902,5114,5932
1895,616,578,866,4322,5266,6042
1896,372,218,590,4072,5026,5874
1897,136,76,480,3712,4906,5902
1898,256,258,456,3332,4966,6104
1899,144,-46,314,3134,5158,5924
1900,42,-30,10,2814,4876,5802
1901,-212,-314,-190,2558,5104,5728
1902,-502,-486,-160,2420,4964,5666
1903,-224,-288,60,2600,4982,5590
1904,-250,-340,6,2682,4800,5518
1905,-274,-644,-416,2426,4520,5602
1906,118,-292,-362,2710,4346,6148
1907,238,-86,-150,3422,4862,6188
1908,24,-244,-298,3398,4422,6026
1909,-150,-66,-174,3358,4486,5980
1910,280,544,-96,3348,4772,5618
1911,124,158,-408,3098,4682,5848
1912,160,208,-384,3168,4664,5814
1913,-4,110,-572,3246,4784,6070
1914,0,-40,-672,2710,4434,5990
1915,-272,-496,-936,2602,4384,5868
1916,-134,-118,-744,2548,4544,5776
1917,-614,-816,-914,2086,4302,5426
1918,-342,-912,-878,2124,4158,5486
1919,-364,-906,-970,1982,4438,5476
1920,52,-426,-566,2402,4670,5742
1921,62,-554,-500,2412,4644,5832
1922,162,-162,-566,2532,4864,5978
1923,160,58,-256,2452,4788,6100
1924,-386,-572,-680,2130,4290,5840
1925,40,-114,-492,1842,4246,6096
1926,-264,-450,-752,1742,4118,5940
1927,-148,-156,-764,1462,4006,5846
1928,-108,74,-724,1928,4272,6046
1929,122,86,-634,2034,4406,6008
1930,-166,-56,-724,2042,4396,6218
1931,-128,-248,-668,2344,4580,6094
1932,-256,-152,-936,2158,4644,5846
1933,-100,-90,-1026,2066,4772,5708
1934,-248,-342,-1224,1770,4580,5478
1935,-418,-616,-1482,1272,4238,5324
1936,-548,-434,-1404,1252,4392,5192
1937,24,-60,-948,1626,4676,5692
1938,-136,-96,-646,1526,4488,5656
1939,-98,-300,-464,1740,4476,5542
1940,-398,-388,-378,1752,4552,5514
1941,-330,-506,-508,1446,4636,5782
1942,-638,-906,-812,1084,4272,6016
1943,-380,-712,-972,988,4520,6134
1944,-318,-484,-908,954,4692,5936
1945,186,-72,-764,1170,4622,6242
1946,538,512,-366,1224,4722,6636
1947,442,486,-296,1158,4824,6722
1948,156,212,-496,1044,4876,6312
1949,112,390,-376,1078,5038,6308
1950,-2,496,-426,1624,5288,6208
1951,122,712,-504,1680,5104,5862
1952,44,616,-184,2008,4968,5792
1953,32,566,-40,2040,4550,5832
1954,-138,332,44,2338,4900,6136
1955,-682,-178,-416,2050,4804,5820
1956,-552,-136,-580,2064,4846,5648
1957,-340,-128,-490,2232,5014,5854
1958,82,-116,-618,2218,5292,6174
1959,218,-260,-402,2292,5402,6376
1960,456,248,-138,2550,5320,6076
1961,-82,-140,-284,2604,4588,5796
1962,-192,-348,-428,2468,4380,5798
1963,410,100,-258,2668,4550,5902
1964,-34,-62,-618,2722,4816,6010
1965,174,272,-294,3128,5168,6108
1966,244,364,-186,3326,5584,6072
1967,98,222,-416,3174,5342,5794
1968,74,148,-628,3004,5356,5822
1969,300,488,-318,3116,5554,6028
1970,156,238,-524,2942,5674,5984
1971,-204,-190,-782,2952,5414,5916
1972,-250,24,-842,3020,5236,5888
1973,-44,120,-870,2924,5118,5976
1974,-108,-132,-788,3070,4824,5954
1975,-76,-196,-994,2976,4422,5996
1976,-66,-226,-920,2794,4632,6136
1977,-476,-746,-1462,2502,4612,5840
1978,-154,-380,-1316,2658,4912,6144
1979,-444,-510,-1570,2348,4654,5888
1980,-984,-1184,-2200,1838,4482,5534
1981,-764,-1118,-2452,1212,4350,5214
1982,-894,-1396,-2608,1004,4006,5102
1983,-22,-730,-2190,1416,4272,5536
1984,-212,-804,-2112,1370,4012,5508
1985,-130,-592,-1886,1434,4212,5878
1986,-122,-520,-1888,1642,4284,5874
1987,-158,-338,-1498,1728,4450,5868
1988,-292,-602,-1690,1490,4234,5718
1989,-232,-622,-1918,1660,4280,5794
1990,-42,-468,-1580,1820,4798,5914
1991,-408,-678,-1572,1624,4732,6004
1992,-146,-438,-1222,2090,5060,6456
1993,118,0,-880,2386,5044,6458
1994,-34,-216,-978,2566,4804,6212
1995,378,134,-446,3316,5348,6476
1996,528,430,-126,3444,4998,6628
1997,74,260,-74,3534,4942,6978
1998,-12,228,112,3448,5096,6900
1999,-32,62,-24,3312,5264,6688
2000,-116,-58,-62,3298,5114,6608
2001,46,2,186,3672,5508,6910
2002,-124,-166,234,3610,5506,6638
2003,36,-126,220,3538,5396,6188
2004,244,-6,216,3686,4988,6056
2005,-128,-444,80,3708,4824,6024
2006,100,-334,148,3666,4992,6266
2007,8,-454,-120,3482,5082,6102
2008,-326,-730,-372,2848,4560,5886
2009,-186,-566,-308,2574,4730,5914
2010,-336,-790,-510,2210,4642,6240
2011,-326,-764,-740,2228,4632,6064
2012,-192,-450,-624,2666,4800,6274
2013,-512,-822,-1046,2606,4274,5608
2014,-682,-980,-1468,2324,4380,5720
2015,-472,-996,-1300,2290,4154,5702
2016,-118,-696,-960,2702,4330,5918
2017,-148,-888,-1096,2764,4086,5790
2018,-162,-820,-1106,2694,4478,5978
2019,-254,-654,-1190,2422,4810,6054
2020,-228,-568,-1064,2364,4824,6200
2021,-22,-488,-984,2506,5102,6178
2022,-276,-546,-1118,2074,4660,5526
2023,-364,-718,-1130,2046,4706,5134
2024,-330,-684,-1260,2104,4138,4922
2025,246,-268,-816,2678,4260,5190
2026,268,-128,-646,2872,4338,5532
2027,198,-182,-608,2860,4584,5730
2028,512,328,-108,3436,4566,5926
2029,88,256,-418,3134,4634,6060
2030,-88,204,-234,3416,4882,6058
2031,320,412,-126,3502,5170,6370
2032,160,254,-70,3236,5452,6154
2033,2,254,-224,3130,5390,5992
2034,-78,-192,-660,2536,4936,5330
2035,-452,-464,-988,2682,4654,5138
2036,-210,-46,-652,2900,4886,5228
2037,-140,-110,-748,3302,4968,5338
2038,-278,-130,-1046,2964,4876,5404
2039,-94,-286,-1084,2798,4950,5348
2040,396,-18,-722,3098,5112,5652
2041,200,-8,-688,3126,4892,5644
2042,-6,-26,-806,3072,5140,5818
2043,-456,-438,-882,3070,4972,6262
2044,-430,-384,-1230,2764,4574,5736
2045,-404,-526,-1524,2610,4436,5704
2046,28,-378,-1368,2878,4500,5856
2047,56,152,-726,3344,4570,6252
2048,-26,22,-678,3496,4608,6014
2049,-410,-190,-898,2838,4112,5430
2050,-730,-512,-1068,2552,4162,5524
2051,-280,-246,-956,2696,3914,5428
2052,172,162,-772,2988,4362,5486
2053,276,252,-750,3072,4502,5760
2054,8,68,-738,2568,4246,5788
2055,136,282,-384,2584,4380,5932
2056,348,236,-260,2356,4748,6044
2057,208,96,-588,2378,4832,6178
2058,76,96,-742,2426,4882,6242
2059,138,42,-358,2734,4912,6414
2060,248,402,-88,3294,5450,6830
2061,214,448,-158,3074,5184,6480
2062,458,824,178,3338,5188,6370
2063,350,784,208,3060,4974,6058
2064,-198,300,-144,2576,4644,6188
2065,-266,310,-66,2252,4486,6190
2066,-84,62,-90,2188,4094,6020
2067,-258,-374,-362,2066,4164,5672
2068,-410,-516,-516,1936,4580,5568
2069,-518,-776,-806,2162,4752,5736
2070,-234,-490,-914,2384,4596,5980
2071,66,-400,-964,2262,4570,6052
2072,528,366,-334,2532,5068,6508
2073,272,378,-238,2360,4858,6208
2074,226,588,-240,2310,5088,6056
2075,24,88,-568,1948,4988,5872
2076,24,-28,-216,2378,5462,6082
2077,-426,-458,-394,2242,5430,5714
2078,-172,-278,-438,2312,5304,5566
2079,106,-188,-526,2498,4916,5644
2080,82,-40,-406,2766,5088,5628
2081,-90,-222,-832,2622,4618,5138
2082,-394,-508,-892,2728,4706,5446
2083,-22,-4,-284,3386,5406,5938
2084,140,154,-166,3624,5058,5742
2085,36,-22,-148,3904,5128,5954
2086,6,26,-116,4092,5208,5924
2087,58,-20,166,3914,5316,6106
2088,-58,-58,136,3914,5288,6128
2089,170,194,282,3636,5392,6448
2090,8,-48,476,3640,5092,5742
2091,172,236,852,3640,5230,5866
2092,78,256,616,3598,4814,5876
2093,204,298,436,3212,4838,5688
2094,56,416,988,3160,4778,5668
2095,-374,100,780,2814,4688,5336
2096,-532,-248,332,2706,4358,5098
2097,-406,-208,624,2874,4290,5148
2098,-122,80,762,2474,4224,5060
2099,-36,134,564,2836,4442,5318
2100,-44,-40,648,2534,4414,5340
2101,26,-218,802,2556,4704,6106
2102,386,74,838,2906,4784,6292
2103,358,304,764,2646,5094,6404
2104,222,496,1026,2718,5480,6382
2105,82,572,832,2858,5010,5930
2106,52,428,960,2840,5448,6098
2107,246,344,902,3286,5046,5786
2108,-272,-130,278,3230,4756,5606
2109,-228,-160,-20,3040,4478,5726
2110,-240,-18,-136,3292,4756,6096
2111,160,246,324,3466,4814,6166
2112,64,90,316,3494,5102,6248
2113,6,-36,314,2928,5218,6364
2114,-354,-288,-130,2690,4888,6086
2115,-188,-22,32,2798,5082,6214
2116,-316,-340,-258,2554,4866,6102
2117,-176,-502,-182,2478,4904,5946
2118,-74,-548,-194,2356,4710,5906
2119,46,-238,108,2768,4910,6190
2120,60,-112,132,2968,4860,5964
2121,-62,14,298,2992,4568,5592
2122,-568,-536,-206,2614,4286,5376
2123,-498,-706,-490,3018,4728,5610
2124,-92,-302,-338,3076,4370,5524
2125,4,42,-342,3166,4378,5810
2126,128,152,-488,3276,4386,5836
2127,362,414,82,3722,4650,6346
2128,344,404,-116,3522,4936,6342
2129,462,520,-164,3302,5456,6516
2130,426,422,-114,3692,5428,6086
2131,470,708,-140,3400,5324,5968
2132,240,592,-48,3382,5090,6094
2133,-240,30,192,3190,4696,5824
2134,-72,458,210,3852,4968,5860
2135,-296,134,-6,3696,4914,5672
2136,-226,-156,-194,3414,4576,5392
2137,-80,-14,-694,3384,4296,4936
2138,28,-18,-342,3256,4258,5216
2139,-486,-520,-520,2654,3870,5472
2140,-12,56,-234,2992,4228,5794
2141,-464,-384,-498,2624,4058,5564
2142,-132,-356,-222,2592,4318,5690
2143,-126,-224,-246,2420,4114,5462
2144,6,10,-72,2480,4364,5640
2145,120,366,308,2834,4642,6102
2146,136,176,170,2554,4686,6228
2147,-128,6,-132,3040,5060,5944
2148,68,-154,-212,3034,5052,5828
2149,-202,-406,-452,2994,4884,5632
2150,18,-290,-420,3088,4978,5654
2151,76,-296,-636,2664,4574,5156
2152,-228,-704,-704,2650,4660,5120
2153,-74,-476,-730,2656,4710,5540
2154,72,-304,-480,2630,4920,5730
2155,-484,-750,-754,2276,4730,5798
2156,-174,-294,-110,2534,4722,5960
2157,-228,-144,-144,2632,4748,6034
2158,-94,-178,-66,2428,5010,5712
2159,-148,-172,-62,2424,5206,5626
2160,74,-270,0,2438,5330,6110
2161,104,-164,146,2502,5180,6176
2162,-114,-210,-22,2034,5006,6074
2163,-6,-148,66,2448,5042,6036
2164,-76,-176,18,2432,4930,6096
2165,-92,-182,98,2556,4972,6132
2166,-288,-296,-20,2414,4786,6026
2167,-568,-460,-80,2314,4632,5684
2168,-30,-224,-242,2234,4810,5788
2169,282,-6,292,2908,5156,6260
2170,452,260,352,3156,5240,6342
2171,788,1088,822,3532,5296,6638
2172,246,858,900,3282,4926,6112
2173,-168,656,492,3234,4786,5888
2174,-178,572,190,3138,4542,6336
2175,30,416,138,3156,4578,6120
2176,38,688,458,3416,4446,6588
2177,308,890,920,3388,4672,6786
2178,138,676,860,3386,4788,6084
2179,460,1014,1132,3444,5100,6402
2180,-338,292,502,3022,4738,6050
2181,-348,-122,204,2584,4716,5528
2182,-38,128,316,2652,4758,5452
2183,94,94,6,2260,4752,5424
2184,240,-42,-306,2240,4450,5246
2185,198,32,-330,2036,4390,5374
2186,82,-104,-260,2248,4134,5322
2187,-186,-324,-454,2132,3978,5780
2188,-76,-112,-554,1942,4052,5950
2189,-64,-26,-570,2014,4298,6108
2190,-222,-502,-1098,1648,4118,5928
2191,-44,76,-912,1720,4664,6276
2192,-48,-94,-1060,1554,4682,6096
2193,-152,-604,-1494,1532,4464,5646
2194,-26,-232,-1224,2004,4784,5874
2195,-240,-154,-1014,2194,5068,5916
2196,230,410,-742,2550,5308,5936
2197,40,256,-816,2296,5114,5526
2198,122,284,-688,2486,4846,5386
2199,-146,-76,-658,2944,5048,5928
2200,-402,-412,-860,2910,4848,5688
2201,-318,-484,-784,2992,4894,5606
2202,-396,-574,-910,2610,4760,5294
2203,286,104,-606,3080,5014,5784
2204,144,-76,-340,3042,4936,6122
2205,-72,-138,-726,2984,4950,6072
2206,-94,-30,-790,2802,4988,5894
2207,96,-70,-1138,2728,5120,6150
2208,148,-4,-954,3126,5204,6386
2209,90,-70,-1192,2984,4974,6370
2210,-342,-298,-1468,2540,4596,5670
2211,-192,-82,-1532,2242,4314,5480
2212,56,-150,-1232,2518,4548,5252
2213,14,-294,-1256,2102,4536,5318
2214,-156,-266,-1132,1998,4718,5514
2215,-226,-412,-1554,1906,4572,5920
2216,-150,-216,-1328,1908,4950,6364
2217,-172,-352,-1410,1890,4786,6212
2218,-330,-546,-1144,1750,4318,6040
2219,-118,-432,-1368,1442,4598,6398
2220,-174,-394,-870,1950,4694,6518
2221,78,-102,-490,2312,4906,6662
2222,-212,-634,-672,2140,4582,6172
2223,82,-414,-496,2150,4764,5982
2224,280,-152,-158,2210,5042,6196
2225,-62,-300,-212,2140,5306,6480
2226,262,188,80,2444,5378,6578
2227,-42,-82,-8,2202,5046,6350
2228,340,154,60,2246,5360,5862
2229,-278,-422,-414,1846,4688,5186
2230,-92,-374,-104,2064,4752,5352
2231,62,-122,-48,2380,4420,5628
2232,34,52,306,2754,4550,5964
2233,-4,-146,38,2700,4750,5712
2234,-214,-198,-122,2658,4798,5634
2235,-162,84,-62,2712,4692,5776
2236,-60,50,-120,2532,4756,5444
2237,190,322,172,2908,5132,5852
2238,312,294,216,3136,5230,6328
2239,140,46,162,3150,4800,6330
2240,28,58,542,3564,5136,6268
2241,-240,-156,248,3116,4608,5882
2242,226,78,324,3358,4546,5796
2243,506,440,458,3214,4722,5788
2244,4,-212,-80,2834,4396,5708
2245,-208,-318,-162,2766,4502,5552
2246,-74,-266,-72,2848,4940,5668
2247,60,-186,-102,3098,4888,5880
2248,-326,-578,-422,2714,4602,5820
2249,-458,-640,-726,2318,4426,5356
2250,-182,-506,-698,2296,4804,5998
2251,-424,-542,-542,2592,4860,6102
2252,-286,-452,-582,2564,4660,6124
2253,-632,-866,-760,2436,4406,5680
2254,-418,-870,-722,2350,4532,5528
2255,-182,-526,-448,2720,4628,5896
2256,-338,-234,-682,2746,4678,5798
2257,-212,-230,-652,2796,4756,5978
2258,416,182,-384,2962,4916,6146
2259,190,192,-650,3088,4996,6108
2260,322,134,-858,2654,4786,5882
2261,40,-124,-938,2574,5118,6164
2262,-46,-230,-944,2410,5058,6230
2263,270,382,-516,2894,5194,6094
2264,228,358,-424,3234,5250,6276
2265,2,296,-294,3408,5344,6026
2266,-126,-58,-550,3044,4784,5944
2267,-186,36,-340,3388,5038,6100
2268,104,-22,-376,3174,5044,6038
2269,52,86,-318,3430,5020,6112
2270,62,380,-530,3288,4886,6228
2271,298,464,-444,3394,5036,6302
2272,60,340,-328,3182,4882,6372
2273,484,410,-222,3236,4908,6350
2274,564,570,-438,2942,4616,6426
2275,636,950,78,3150,4892,6286
2276,346,942,82,3464,5170,6080
2277,238,720,246,3334,5098,6086
2278,368,720,420,3274,5046,6028
2279,146,570,562,3310,4822,5948
2280,286,342,496,3160,5020,6150
2281,-24,124,390,3374,5176,5972
2282,-44,164,480,3234,5130,6250
2283,-154,-156,68,2732,4684,5752
2284,-592,-480,-250,2478,4870,5946
2285,-420,-478,-504,2488,4744,6068
2286,-438,-728,-564,2758,4700,6110
2287,182,-284,-468,2732,4786,6462
2288,126,-174,-88,2790,4626,6534
2289,-22,-430,74,2670,4502,6574
2290,268,-158,374,2706,4800,6498
2291,142,118,258,2438,4780,6360
2292,72,122,-60,2580,4740,6290
2293,-276,-378,-420,2302,4142,5934
2294,192,-8,-150,2666,4292,5852
2295,-456,-596,-898,2192,3964,5886
2296,-286,-328,-766,2276,4134,5622
2297,-236,-260,-892,2326,4034,5344
2298,-276,-372,-832,2594,4406,5844
2299,-450,-562,-920,2456,4314,5852
2300,-702,-988,-1130,2502,3932,5766
2301,-76,-432,-616,2686,4314,6130
2302,-48,-514,-722,2300,4286,5890
2303,-224,-710,-1020,2450,3990,5562
2304,110,-452,-862,2926,4078,5484
2305,-90,-710,-1112,2910,4144,5876
2306,-150,-598,-1186,2632,4288,5978
2307,280,-310,-1020,2584,4502,5888
2308,192,-58,-500,2734,4382,5850
2309,64,-186,-408,2534,4000,5540
2310,-60,-296,-604,2364,3890,5486
2311,-190,-294,-760,2194,3828,5216
2312,442,96,-530,2544,4232,5754
2313,-108,-16,-694,2360,4316,5784
2314,86,88,-646,2080,4500,5416
2315,-86,-6,-958,2332,4952,5622
2316,450,438,-450,2922,5640,6342
2317,-332,230,-574,2556,5264,6148
2318,-342,-288,-918,2272,4998,5696
2319,58,112,-690,2168,5066,5612
2320,94,346,-726,2430,5438,5676
2321,-46,236,-584,2626,5316,5912
2322,-192,2,-818,2800,5206,6024
2323,-394,-118,-1006,2990,5062,6052
2324,-194,-62,-730,3308,4728,6332
2325,-620,-712,-954,3232,4556,6670
2326,-422,-744,-594,3342,4532,6306
2327,-260,-454,-458,3418,4444,6134
2328,-202,-266,-544,3356,4948,6006
2329,366,286,-246,3612,5130,6252
2330,348,220,-142,4020,5574,6060
2331,328,372,-204,4126,5534,6130
2332,222,402,262,4052,5396,6414
2333,102,162,296,3860,5722,6506
2334,258,334,548,3792,5834,6298
2335,242,116,552,3344,5382,6058
2336,146,280,1212,3516,5216,6042
2337,228,94,1240,3280,4968,5870
2338,-248,-386,924,3202,5084,6162
2339,80,-316,826,3358,5070,6314
2340,-324,-648,424,3120,4846,5900
2341,-604,-602,252,2678,4762,5378
2342,-4,-274,610,2934,5242,5632
2343,168,-8,1044,2988,5574,5698
2344,-66,-350,960,2680,5006,5790
2345,4,-240,744,2806,4988,5944
2346,-20,-310,784,2898,5098,5700
2347,-194,24,842,2972,5076,5594
2348,-136,88,1266,3046,5172,5762
2349,-346,22,908,2648,4370,5338
2350,-262,-228,556,2662,4244,5138
2351,-182,-46,760,2594,4114,5080
2352,216,134,680,2746,4600,5346
2353,454,580,1048,2788,4570,5604
2354,278,618,794,2788,4612,5950
2355,514,598,958,2694,4716,6512
2356,64,-18,746,2536,4744,6270
2357,42,-254,592,2400,4646,6246
2358,532,80,614,2652,4788,5956
2359,264,-154,298,2696,4884,5568
2360,208,260,634,2984,4886,6284
2361,6,-112,84,3132,4660,6270
2362,140,54,-72,2936,4992,6354
2363,190,82,-354,2814,5154,6116
2364,-328,-422,-782,2206,4806,5726
2365,-404,-342,-880,1976,4422,5524
2366,-284,-384,-776,2172,4758,5958
2367,38,66,-328,2742,5144,6618
2368,188,366,-270,2900,4706,6388
2369,30,52,-754,2872,4548,6226
2370,118,-32,-862,3084,4536,6332
2371,-116,-200,-1126,2910,4966,6220
2372,-24,-34,-898,2956,5228,6532
2373,-148,-140,-1088,2700,5022,5900
2374,-130,-160,-980,2790,5074,6134
2375,130,-152,-668,2970,5104,6288
2376,-94,4,-478,2960,5346,6086
2377,214,302,-108,3474,5424,6360
2378,688,596,308,3712,5518,6386
2379,832,1030,916,4132,5616,6344
2380,548,864,1124,3946,5628,6178
2381,18,470,916,3784,5614,5920
2382,290,416,806,3588,5116,5766
2383,682,656,1154,3968,5302,6096
2384,496,676,1314,4258,5480,6260
2385,-4,328,1332,3692,5254,5896
2386,280,396,1438,3664,4676,6028
2387,46,-12,1180,3122,4654,5630
2388,130,212,1130,2886,4736,5870
2389,24,-28,994,2602,4740,5694
2390,-194,-448,250,2184,4414,5512
2391,172,-144,262,1988,4440,5822
2392,262,52,504,2274,4790,6014
2393,166,64,540,2132,4842,5866
2394,-50,-176,776,2216,4900,5626
2395,100,114,930,2840,5458,6200
2396,296,342,1344,3124,5716,6312
2397,368,188,1134,3130,5576,6174
2398,112,98,1016,2910,5034,5958
2399,-200,-206,794,3050,4808,5794
2400,-304,-354,1006,3184,4816,5946
2401,-432,-122,806,3040,4780,5834
2402,-192,-74,928,3194,4862,6342
2403,-160,-212,950,3452,4878,6246
2404,-64,-92,1090,3508,5022,6264
2405,-234,-372,682,3282,4754,5968
2406,-328,-542,734,3412,5018,5830
2407,-312,-558,624,3418,5352,5568
2408,-334,-886,518,3060,5022,5528
2409,-20,-686,602,2954,5052,5550
2410,-204,-688,318,2374,5236,5904
2411,152,-122,556,2756,5726,6220
2412,118,14,830,2752,5618,5844
2413,-208,-98,466,2558,5208,6038
2414,-184,-50,586,2440,5474,5938
2415,-250,-102,470,3014,5508,6444
2416,-536,-420,322,2854,5674,6178
2417,-102,-50,324,3142,5590,6108
2418,-22,180,316,2952,5480,6380
2419,28,338,508,2980,5514,6242
2420,-322,-120,668,2652,5020,5882
2421,-420,-350,62,2428,4682,5826
2422,-610,-746,-166,2144,4246,5528
2423,-670,-958,-378,1976,4194,5388
2424,-532,-780,-418,1946,4006,5314
2425,-424,-448,-842,2026,4156,5290
2426,-312,-382,-646,2046,4716,5706
2427,106,-10,40,2280,5012,6038
2428,-54,-88,-264,2384,4738,5954
2429,466,220,-130,2522,4884,5880
2430,520,212,112,2666,5316,6256
2431,896,866,778,3068,5820,6784
2432,444,590,704,3164,5754,6958
2433,-106,232,482,2958,5332,6224
2434,-50,420,568,3278,5588,6428
2435,188,596,830,3316,5414,6582
2436,-114,516,436,3118,5144,6090
2437,-70,346,396,2812,4802,6232
2438,-330,224,192,2546,4784,6058
2439,-170,20,-102,2424,4714,6284
2440,-138,-30,-406,2756,4946,6302
2441,-236,-98,-56,2806,5236,6070
2442,-402,-520,-632,2266,4896,5888
2443,-238,-568,-908,2354,4832,5872
2444,-150,-712,-1188,2440,4644,6016
2445,-142,-680,-1284,2862,4468,5612
2446,-84,-544,-1234,3098,4360,5692
2447,-130,-480,-1130,2852,4740,5848
2448,310,-134,-582,3452,5114,5988
2449,278,-54,-458,3494,4972,5696
2450,-106,-492,-672,3018,4884,5600
2451,174,-398,-580,3156,4868,5660
2452,334,-362,-922,3000,4872,6038
2453,-22,-228,-778,3364,4992,6018
2454,0,-112,-650,3452,4826,6228
2455,264,140,-410,3596,4958,6368
2456,520,744,22,3826,5362,6084
2457,24,348,-260,3476,5402,5928
2458,174,400,122,3808,5554,5694
2459,628,920,486,3700,5840,6062
2460,636,820,446,3896,6008,6022
2461,282,454,482,3378,5332,5742
2462,-68,164,164,3316,4972,6028
2463,-68,-58,34,3290,4828,6016
2464,20,42,52,3322,4988,6364
2465,-354,-354,-760,2934,4254,6122
2466,-104,-248,-568,3096,4206,5458
2467,-64,-426,-618,3332,3978,5278
2468,280,-32,-426,3444,4476,5392
2469,146,-214,-612,3286,4828,5662
2470,84,-474,-1034,2928,4516,5394
2471,150,-260,-820,3076,4652,5484
2472,-162,-650,-1180,2760,4374,5640
2473,74,-542,-1208,2804,4554,5678
2474,-88,-504,-1440,2494,4318,5544
2475,196,-496,-1518,2654,4688,5962
2476,6,-514,-1678,2642,4684,6398
2477,-150,-518,-1530,2714,4842,6146
2478,-318,-526,-1288,2514,5002,6194
2479,-280,-270,-1206,2324,4856,6016
2480,-242,88,-788,2636,5068,6122
2481,-228,-120,-1060,2628,5004,5822
2482,294,164,-800,2810,5194,6110
2483,296,476,-560,3196,5458,6244
2484,-12,360,-574,3538,5272,6324
2485,0,90,-654,3220,4958,6028
2486,162,24,-572,3120,5224,5868
2487,-278,-360,-1050,2876,4758,5460
2488,218,28,-776,3434,5050,5922
2489,286,34,-486,3522,5184,6016
2490,474,240,-424,3472,5162,5974
2491,380,324,-564,3652,5206,5860
2492,596,562,-494,3828,5186,5804
2493,450,398,-624,3264,5184,5752
2494,274,508,-546,3478,5086,5988
2495,52,262,-386,3220,5022,5762
2496,164,354,-826,3486,5062,5958
2497,192,224,-602,3378,5136,6200
2498,228,346,-412,3442,5288,6072
2499,-134,246,-662,3172,5040,5880
2500,-168,-172,-590,3042,5016,5588
2501,-244,-238,-888,2620,4780,5294
2502,-560,-486,-1180,2184,4938,4916
2503,-450,-280,-1044,2436,5010,5184
2504,72,270,-714,2926,5076,5674
2505,-258,-42,-910,2774,5024,5630
2506,-442,-76,-1088,2714,5076,5460
2507,-14,460,-882,2844,5010,5586
2508,290,498,-770,3094,5266,5706
2509,28,284,-1246,2626,4648,5306
2510,-94,6,-1590,2458,4806,5298
2511,-394,-232,-1570,2514,4214,5214
2512,-150,-152,-1402,2708,4346,5478
2513,-106,-132,-1378,2652,4074,5204
2514,-190,-48,-1264,2924,4620,5326
2515,76,224,-852,3390,4774,5200
2516,184,316,-640,2960,4674,5424
2517,-204,-94,-874,2870,4524,5340
2518,-12,-70,-820,3016,4938,5828
2519,-146,-404,-1220,2648,5056,5722
2520,452,44,-538,3034,5500,6258
2521,50,112,-526,2686,5092,5660
2522,-8,158,-468,2994,5170,5998
2523,-98,30,-564,3028,5296,6124
2524,-160,-238,-578,3090,5176,6206
2525,-124,-156,-480,3194,4874,6264
2526,-270,-350,-766,2808,4546,5992
2527,106,-78,-808,2896,4692,5938
2528,-38,76,-750,2742,5046,6166
2529,104,-92,-796,2554,4710,6116
2530,-124,-442,-870,2384,4844,5804
2531,28,-462,-794,2990,5070,6000
2532,292,60,-198,3328,5134,6388
2533,-190,-80,-436,3136,5274,6046
2534,76,146,-170,3572,4966,6350
2535,164,472,-6,3770,5040,6598
2536,24,242,-100,3666,5146,6520
2537,-192,60,-284,3396,4900,6354
2538,348,320,82,3818,5220,6580
2539,168,218,52,3740,5782,6562
2540,132,-32,-8,3808,5330,6114
2541,134,154,-298,3330,5252,5946
2542,4,148,-240,2898,5214,5920
2543,-48,96,12,3300,5166,6040
2544,-370,-10,-144,3346,4572,5870
2545,118,208,142,3526,5144,5918
2546,-36,-102,-106,3416,5414,5984
2547,306,288,220,3360,5678,6302
2548,458,600,486,3536,5982,6704
2549,892,908,1200,4066,6642,7334
2550,586,816,1068,3786,5926,6718
2551,-100,396,672,3554,5094,6336
2552,10,170,516,3224,4714,5864
2553,138,298,536,3398,4824,6172
2554,-78,326,580,3142,4690,6014
2555,-148,296,614,2986,4858,6088
2556,114,572,1092,3612,5014,5992
2557,386,572,1096,3828,5578,6320
2558,330,734,1160,4208,5498,6624
2559,128,688,892,4082,5392,6506
2560,418,692,768,3988,5110,6350
2561,268,750,488,3444,4910,6112
2562,646,956,908,4018,5330,6400
2563,682,1050,1168,4024,5148,6388
2564,734,1186,1156,3932,5220,6064
2565,480,1004,1470,4182,4876,5794
2566,670,1298,1490,4016,5030,6152
2567,246,658,1080,3396,4814,5934
2568,172,544,1282,3322,4830,6042
2569,434,768,1264,3504,5186,6184
2570,60,478,1396,3452,5102,5970
2571,-20,250,1302,3316,5170,5930
2572,442,866,2024,3300,5392,6276
2573,422,1020,1962,3620,5440,6216
2574,-40,574,1736,3630,5184,5860
2575,30,440,1726,3280,5420,6240
2576,74,260,1266,3294,5094,5730
2577,14,168,1232,3228,5012,5452
2578,-168,244,1228,3534,4970,5466
2579,238,392,1342,3866,5302,5810
2580,-36,152,918,3860,5462,5722
2581,-110,72,792,3930,5288,5694
2582,-22,22,360,3354,4804,5544
2583,72,-2,404,3362,4890,5818
2584,-164,-244,8,3304,5100,6178
2585,160,-80,278,3614,5050,6408
2586,528,286,538,3938,5304,6376
2587,152,-84,248,3722,5154,6150
2588,-14,44,438,3446,5130,6386
2589,-50,-88,294,2912,4904,6214
2590,106,-234,2,3258,4966,6258
2591,126,-250,-246,3060,4880,5954
2592,112,-306,-212,2822,4566,6078
2593,10,-642,-640,2324,4322,5824
2594,130,-342,-582,2580,4724,6622
2595,92,-28,-484,2450,4904,6658
2596,14,-78,-564,2598,5082,6440
2597,2,-372,-934,2388,5104,6304
2598,24,-624,-868,2380,4806,6178
2599,-296,-308,-790,2206,4738,5808
2600,-540,-706,-860,2002,4686,6156
2601,136,-208,-884,2202,4718,6272
2602,-224,-728,-1128,2108,4502,5858
2603,-218,-568,-644,2256,4390,5940
2604,-72,-302,-654,2320,4310,6048
2605,40,-328,-830,2478,4260,5922
2606,194,-70,-600,2746,4652,6330
2607,394,204,-668,2946,4938,6096
2608,80,42,-936,2730,4388,5758
2609,-258,-202,-1024,2652,4676,5608
2610,-364,-392,-1152,2580,4676,5444
2611,-270,-324,-1432,2378,4482,5908
2612,-406,-492,-1804,2196,4156,5858
2613,-82,-32,-1474,2318,4528,5860
2614,76,246,-1164,2456,4506,6152
2615,328,666,-758,2604,4666,6382
2616,160,668,-964,2494,4706,6614
2617,58,652,-1156,2354,4894,6704
2618,-258,56,-1454,2084,4398,6254
2619,-96,10,-1082,2202,4594,6348
2620,-170,-492,-1334,2184,4590,6412
2621,82,-350,-1270,2550,4770,6416
2622,0,-458,-1424,2164,4668,5990
2623,-24,-284,-1050,2498,4900,6178
2624,50,-204,-1168,2406,4762,6248
2625,218,-178,-1104,2392,4990,6112
2626,216,216,-772,2266,4824,6310
2627,408,274,-538,2508,4892,6170
2628,456,288,-292,2468,5136,6272
2629,324,136,58,2568,5152,6052
2630,342,458,422,2926,5220,6290
2631,-14,280,528,3006,5118,6298
2632,130,406,900,3054,5230,6492
2633,126,262,830,2958,5366,6012
2634,440,252,738,3200,5062,5812
2635,270,142,476,2942,4964,5648
2636,94,270,672,2956,4920,5946
2637,52,36,738,2808,4750,5862
2638,126,80,1088,3114,4776,5798
2639,-100,-228,864,2928,4414,5320
2640,124,-10,918,3236,4456,5450
2641,312,206,1108,3520,4616,5594
2642,324,176,1168,3268,4528,5742
2643,488,494,1216,3492,4724,6214
2644,-118,28,940,3224,4620,5826
2645,-158,60,928,3334,4738,6126
2646,-170,-252,722,2878,4430,5840
2647,198,-250,328,2518,4494,6014
2648,-192,-280,158,2516,4444,6046
2649,-364,-370,-370,2212,4152,5782
2650,-604,-150,36,2192,4082,5844
2651,-150,-18,34,1936,4236,6112
2652,-158,-140,-222,1922,4554,5974
2653,-118,-454,-740,1576,4280,6198
2654,66,-192,-638,1768,4580,5922
2655,-256,-120,-506,1870,4860,5766
2656,50,-40,-628,1870,4928,5864
2657,216,372,-550,2054,4978,5958
2658,242,638,-180,2436,5118,6136
2659,314,794,92,3018,5488,6788
2660,506,992,506,3566,5806,6926
2661,296,698,302,3648,5596,6336
2662,86,480,410,3228,5270,6012
2663,-230,224,448,2936,4732,6012
2664,298,602,912,2948,4664,5810
2665,-280,394,828,2970,4326,5952
2666,-462,130,540,3048,4570,6314
2667,-56,232,588,3242,5132,6640
2668,454,778,822,3504,5104,6748
2669,-116,60,476,3388,5210,6654
2670,62,122,690,3630,5112,6380
2671,198,276,792,3688,5078,6094
2672,42,332,1166,3592,4978,6160
2673,106,330,1254,3506,4924,6100
2674,8,262,1076,3118,5046,6394
2675,14,336,1300,3208,4898,6370
2676,328,518,1054,3358,4906,6260
2677,368,554,1344,3450,4948,6362
2678,-176,136,1018,2980,4506,6142
2679,-114,248,1150,2888,4758,6078
2680,-138,222,1482,3140,5014,6168
2681,84,236,1412,3108,5060,6282
2682,72,76,1240,3010,5374,6494
2683,-118,-186,940,2804,5528,6568
2684,-216,-286,798,2874,5396,6418
2685,28,-10,1120,3060,5502,6444
2686,18,70,1272,3118,5288,5864
2687,128,70,1668,3004,4780,5510
2688,-82,-104,1320,2824,4388,5922
2689,346,246,1464,3150,4700,5772
2690,-188,-364,920,2908,4668,5516
2691,-6,-398,890,2524,4500,5642
2692,-80,-318,730,2232,4194,5552
2693,-152,-374,464,2192,4298,5636
2694,-30,-194,464,2348,4136,5738
2695,-2,-8,182,2380,4172,6038
2696,126,-56,340,2448,4340,5870
2697,-106,-504,-76,2408,4190,5716
2698,54,-536,174,2622,4498,5932
2699,-206,-702,-108,2490,4048,5686
2700,-392,-616,-140,2504,4142,5626
2701,-56,-486,-426,2426,4244,5520
2702,400,-410,-436,2242,4146,5256
2703,542,-304,-234,2222,4576,5462
2704,508,-310,-528,2218,4562,5484
2705,568,-46,-330,2116,4544,5422
2706,480,324,166,2336,4902,5892
2707,338,460,216,2250,5022,5932
2708,148,484,228,2160,5070,5972
2709,514,924,346,2176,4930,6288
2710,-106,536,-94,2052,5008,6206
2711,-26,386,-122,2156,4972,5898
2712,296,660,316,2880,5298,5916
2713,-202,156,-118,2768,5148,5892
2714,-276,62,-180,2884,5382,5874
2715,6,56,-84,3046,5678,6098
2716,218,72,332,3478,5610,5916
2717,-398,48,266,3110,5156,5886
2718,-184,156,164,3176,4670,5656
2719,-94,174,282,3466,4940,5946
2720,-188,92,190,3232,5034,5714
2721,-100,44,6,3110,5286,5750
2722,112,436,488,3234,5472,6154
2723,26,344,456,3246,5176,6442
2724,38,394,272,3278,5124,6214
2725,50,272,376,2936,5458,6034
2726,170,552,720,3248,5752,6040
2727,404,628,940,3222,5492,5902
2728,-86,142,588,2910,5338,5948
2729,-76,-126,246,2784,5244,6168
2730,424,266,782,3240,5454,6856
2731,340,472,1218,3228,5528,6418
2732,260,456,1240,3386,5480,6176
2733,336,682,1240,3500,5666,6358
2734,250,482,1122,3314,5500,6036
2735,-66,444,1136,3172,5452,6172
2736,10,368,1016,3100,5006,5780
2737,372,272,1174,3324,5150,6110
2738,154,-190,1022,3158,4966,5978
2739,-38,-484,640,3070,4844,5758
2740,-84,-576,590,2918,4720,5592
2741,-102,-634,314,2944,4594,5956
2742,-368,-650,328,2900,4700,6326
2743,28,-292,162,3042,4854,6006
2744,-394,-574,-400,2588,4742,6046
2745,-232,-362,-242,2590,4442,6148
2746,-258,-394,60,2828,4518,5860
2747,-106,-270,-138,3164,4828,6188
2748,164,10,38,3308,5188,6608
2749,-208,-140,-262,2794,4956,6074
2750,54,174,-168,2856,5350,6098
2751,-248,126,-250,3036,5108,5680
2752,-240,-182,-148,3052,5078,5682
2753,-258,-310,-180,2620,4744,5604
2754,-346,-338,-292,2594,4602,5532
2755,-240,-88,-150,2738,4736,6098
2756,120,56,-164,2788,5142,6224
2757,36,94,8,2778,5196,6260
2758,-592,-426,-182,2590,5042,6420
2759,-168,-44,32,2754,5420,6386
2760,-248,142,-6,2528,5140,6268
2761,-144,28,-130,2230,4614,5756
2762,-312,-174,-210,2128,4518,5698
2763,-78,-338,-496,1764,4280,5582
2764,236,44,-364,2162,4630,6166
2765,-226,-378,-776,1664,4518,5512
2766,-94,-226,-588,1854,4608,5662
2767,144,180,154,2458,4956,6124
2768,6,70,118,2686,4894,6158
2769,-66,168,180,2824,4690,6258
2770,70,100,-6,2770,4722,6144
2771,308,424,-102,2842,4948,6198
2772,164,346,-208,2974,5130,6326
2773,444,574,-156,3342,5326,6650
2774,8,108,-152,2950,4696,6454
2775,-256,-160,-642,2800,4298,6332
2776,-240,-246,-718,2346,4322,5600
2777,150,102,-554,2688,4416,5542
2778,-60,-120,-772,2380,4172,5564
2779,-4,-290,-966,2160,3922,5528
2780,148,126,-732,2488,4408,5942
2781,-330,-240,-1168,2460,4074,5342
2782,-182,-72,-942,2640,4566,5864
2783,-62,-140,-962,2658,4846,5694
2784,-26,44,-1136,2816,5236,5708
2785,-20,122,-940,2836,4884,5626
2786,-8,280,-518,2734,4968,5624
2787,-312,-96,-640,2582,4544,5530
2788,-518,-464,-1202,2128,4182,5568
2789,-112,-236,-742,2516,4504,5826
2790,-294,-508,-1106,2682,4404,5920
2791,-12,-104,-1334,2654,4254,6026
2792,-190,-318,-1296,2396,4110,6056
2793,-352,-574,-1290,2354,4140,5542
2794,-146,-364,-1252,2482,3974,5496
2795,-226,-302,-1110,2766,4060,5556
2796,-592,-708,-1150,2632,3942,5338
2797,-472,-768,-1444,2370,3958,4902
2798,-188,-456,-1272,2386,4436,5250
2799,-26,-184,-1264,2340,4860,5590
2800,-182,-210,-1460,2292,4586,5472
2801,-152,-26,-1236,2476,4758,5664
2802,194,438,-724,2892,4758,6026
2803,-298,80,-902,2888,4344,5594
2804,-334,-292,-1194,2758,4218,5656
2805,-498,-524,-1732,2294,4062,5488
2806,164,-144,-1402,2458,4198,5528
2807,-268,-356,-1604,1960,3954,5538
2808,-106,-328,-1372,2336,4144,6070
2809,-68,-292,-1130,2670,4610,6316
2810,170,20,-632,2756,4828,6398
2811,572,424,-40,3238,4814,6418
2812,374,66,-336,3258,4798,6324
2813,-2,84,-510,3156,4556,6322
2814,152,160,-482,3544,4768,6194
2815,106,16,-598,3554,4738,6244
2816,368,450,-370,3380,4892,6120
2817,550,478,-152,3344,4876,6112
2818,140,316,-118,3384,4856,6554
2819,260,280,86,3316,4800,6334
2820,224,592,-46,3278,4962,5928
2821,328,598,48,3042,4784,6114
2822,378,620,226,2882,4976,6116
2823,214,782,560,3038,5062,5866
2824,216,682,356,3176,4922,5718
2825,-268,44,216,2936,4572,5644
2826,-358,-274,-76,2824,4486,5674
2827,-596,-694,-322,2510,3956,5744
2828,-806,-1032,-1032,2052,3622,6026
2829,-188,-694,-620,2184,3998,5972
2830,170,-324,-664,2470,4412,6098
2831,88,-154,-564,2976,4876,6572
2832,-168,-36,-248,3220,4924,6460
2833,134,132,-156,3624,5012,6416
2834,14,258,-196,3552,4758,6236
2835,248,628,118,3782,4890,6718
2836,254,474,-110,3856,4714,6724
2837,512,410,-234,3752,4856,6504
2838,338,602,-16,3628,5186,6672
2839,126,580,-144,3596,4970,6296
2840,212,296,-160,3600,4934,5834
2841,72,292,-162,3602,5050,5954
2842,232,110,-390,3518,5134,5628
2843,338,244,-364,3446,5230,5862
2844,-32,26,-388,3130,5148,5860
2845,-268,-406,-504,2782,5108,6044
2846,-56,-222,-186,3228,5398,6006
2847,294,4,368,3484,5596,6218
2848,2,-136,114,3510,5604,6030
2849,64,-12,158,3486,5586,5838
2850,-392,-416,-420,3216,5080,5434
2851,-200,-392,-272,3436,5368,5656
2852,44,-104,194,3868,5438,5888
2853,202,-46,-140,3902,5498,5872
2854,-224,-340,-254,3894,5130,5772
2855,100,122,-58,4010,5448,6342
2856,374,10,38,3856,5506,6626
2857,100,-108,-392,3302,4980,6154
2858,140,-42,-442,3390,5008,5884
2859,286,482,-204,3750,5412,5836
2860,156,494,-526,3906,5562,5916
2861,490,440,-578,3582,5542,6368
2862,238,204,-470,3314,5336,6614
2863,-90,60,-748,3176,5378,6470
2864,-178,82,-772,3296,5296,6496
2865,-138,-102,-834,2956,5026,6318
2866,-146,214,-740,3072,4758,6180
2867,-208,-48,-1172,2774,4796,5968
2868,-322,-404,-1192,2664,4914,5846
2869,-304,-382,-1020,2694,4782,6186
2870,-454,-560,-1106,2746,4736,6230
2871,-30,-294,-1098,3140,5170,6378
2872,-98,-396,-996,2944,4986,6018
2873,122,108,-732,2900,5338,5896
2874,376,342,-408,2986,5782,6070
2875,-90,54,-438,2956,5812,6160
2876,-194,-76,-636,2684,5524,6056
2877,0,-36,-412,2806,5746,6436
2878,112,-10,-448,2608,5442,6456
2879,542,382,-114,2740,5272,6464
2880,130,212,104,2844,5168,6122
2881,72,184,192,2750,5068,6098
2882,226,304,310,2920,5188,6430
2883,100,406,490,2928,5160,6450
2884,152,324,444,3100,5284,6466
2885,6,80,546,3446,5440,6468
2886,200,94,636,3494,5108,6036
2887,584,604,842,3630,4918,5822
2888,336,444,684,3530,5074,6088
2889,258,412,696,3718,5168,5998
2890,102,26,850,3684,5174,6056
2891,-162,-208,686,3254,4780,5662
2892,-384,-470,830,3192,4158,5702
2893,50,-300,786,3316,4410,6166
2894,-36,-176,800,3222,4238,5678
2895,198,-282,526,2962,4098,5536
2896,-262,-424,388,3022,4266,5490
2897,16,-38,542,3188,4398,5672
2898,-110,-384,388,3148,4490,5758
2899,-284,-294,398,3072,4370,5830
2900,242,290,750,3410,4748,6236
2901,468,350,850,3756,5162,6406
2902,302,262,954,3526,5284,6386
2903,76,86,736,3584,5640,6266
2904,-82,-196,572,3296,5122,5838
2905,50,-170,614,3248,4700,5798
2906,-380,-590,104,2422,4060,5484
2907,-338,-628,-278,2522,4252,5790
2908,18,-202,-170,2808,4732,5802
2909,-538,-458,-344,2534,4582,5664
2910,-358,-174,-106,2444,4802,5800
2911,-600,-386,-128,2416,4748,5932
2912,-360,-220,92,2718,5074,6156
2913,-188,-454,190,2900,5496,6052
2914,-358,-424,90,2614,4940,5708
2915,-46,-28,106,2590,5018,5822
2916,576,510,622,3382,5496,6548
2917,446,534,564,3834,5206,6714
2918,-94,28,226,3198,4712,6272
2919,-196,-104,382,3216,4864,6230
2920,0,-74,430,3410,4954,5950
2921,-136,-208,436,3556,5168,5892
2922,-186,-404,344,3208,5172,5702
2923,-414,-468,118,2918,4774,5372
2924,-356,-432,-48,2856,4714,5096
2925,-140,-34,-64,2962,4956,5720
2926,-206,-20,236,3130,5100,6178
2927,128,288,316,3238,5244,6258
2928,-50,72,-10,2878,5114,5802
2929,-262,-98,-98,2520,4870,5776
2930,-354,-256,-160,2578,4662,5772
2931,104,100,132,2878,5012,6280
2932,-260,-114,-298,2866,4902,5986
2933,-198,-252,-126,3016,5096,5540
2934,-176,-346,-40,2898,4956,5542
2935,-452,-438,-216,2848,4714,5728
2936,-94,-540,-570,2916,4524,5900
2937,-154,-474,-894,2790,4484,6000
2938,-140,-534,-1158,2592,4540,5896
2939,-28,-568,-1124,2686,4504,5964
2940,142,-182,-1002,2738,4526,5876
2941,-104,-198,-970,2682,4770,6118
2942,-92,-80,-722,2648,4698,5984
2943,-322,-328,-872,2420,4634,5940
2944,-246,-56,-354,2738,4906,6264
2945,-202,-314,-350,2662,4864,6314
2946,-12,-422,-444,2294,4654,6176
2947,-12,-150,-216,2490,4864,6362
2948,162,26,-356,2640,4982,6340
2949,-242,-102,-616,2656,5154,6010
2950,-380,-276,-732,2772,5210,5888
2951,-340,-472,-736,2436,5150,5694
2952,36,-2,-514,2566,5140,5854
2953,-104,-28,-382,2526,4940,5848
2954,-8,-60,-232,2638,5156,5832
2955,10,-270,-154,2236,4686,5716
2956,72,-372,-102,2236,4582,6370
2957,-296,-716,-194,2366,4598,6370
2958,-436,-640,-498,2464,4756,6224
2959,-402,-504,-894,2422,4674,6372
2960,-204,-366,-968,2458,4886,6370
2961,-72,-646,-1002,2306,4856,6324
2962,-252,-758,-1168,2084,5006,5930
2963,-330,-744,-1118,2078,4726,5800
2964,-208,-778,-1338,1780,4476,5700
2965,90,-828,-1112,1956,4534,5658
2966,180,-674,-1166,1844,4486,5770
2967,454,-14,-866,2038,4926,6408
2968,44,-228,-776,1808,4930,5896
2969,-122,-416,-950,1438,4664,5572
2970,24,-46,-610,1212,4130,5600
2971,-188,-58,-810,1218,4136,5596
2972,10,66,-684,992,4104,5628
2973,512,688,134,1488,4812,6282
2974,182,592,592,1730,4808,6214
2975,276,368,590,1812,4858,5792
2976,-182,-152,12,1548,4316,5734
2977,-260,-522,-206,1454,4176,5496
2978,-4,-278,-210,1724,4390,5640
2979,-106,-134,-64,1718,4470,5966
2980,-154,-102,230,2032,4842,6134
2981,-448,-638,-114,1698,4350,5844
2982,-506,-702,-194,1548,4096,5724
2983,-394,-374,-98,1698,4278,5706
2984,-444,-536,-332,1764,4670,5820
2985,-174,-570,-46,2160,4916,6030
2986,-210,-698,-132,1752,4832,6066
2987,94,-248,118,2176,4728,6176
2988,106,-116,374,2384,4800,6084
2989,-308,-394,198,2318,4640,6024
2990,-340,-398,-216,2222,4604,5598
2991,202,-180,-56,2532,5076,6128
2992,312,-116,448,2764,5604,6066
2993,266,-152,316,3098,5780,6180
2994,66,-444,378,3096,5612,6318
2995,76,-426,406,3152,5434,6202
2996,-26,-360,-54,2824,5186,6026
2997,-80,-400,-156,2640,5086,6104
2998,18,-526,-204,2616,4892,5904
2999,-430,-830,-542,2392,4422,5640
3000,-84,-772,-688,2744,4462,6046
