,0
0,-40.0
1,120.0
2,256.0
3,508.0
4,504.0
5,478.0
6,466.0
7,504.0
8,406.0
9,400.0
10,474.0
11,508.0
12,566.0
13,632.0
14,588.0
15,616.0
16,758.0
17,670.0
18,664.0
19,522.0
20,652.0
21,682.0
22,646.0
23,902.0
24,880.0
25,776.0
26,690.0
27,658.0
28,732.0
29,746.0
30,660.0
31,720.0
32,760.0
33,752.0
34,634.0
35,452.0
36,474.0
37,556.0
38,670.0
39,774.0
40,724.0
41,670.0
42,712.0
43,682.0
44,694.0
45,690.0
46,674.0
47,664.0
48,768.0
49,686.0
50,738.0
51,728.0
52,782.0
53,806.0
54,750.0
55,670.0
56,556.0
57,452.0
58,648.0
59,594.0
60,690.0
61,658.0
62,690.0
63,688.0
64,672.0
65,666.0
66,678.0
67,816.0
68,812.0
69,802.0
70,798.0
71,746.0
72,606.0
73,588.0
74,766.0
75,830.0
76,912.0
77,682.0
78,684.0
79,670.0
80,732.0
81,702.0
82,774.0
83,582.0
84,772.0
85,880.0
86,910.0
87,718.0
88,758.0
89,794.0
90,794.0
91,642.0
92,500.0
93,486.0
94,514.0
95,494.0
96,558.0
97,670.0
98,706.0
99,526.0
100,594.0
101,568.0
102,652.0
103,664.0
104,850.0
105,712.0
106,656.0
107,666.0
108,804.0
109,852.0
110,868.0
111,836.0
112,1016.0
113,958.0
114,806.0
115,676.0
116,614.0
117,704.0
118,688.0
119,616.0
120,656.0
121,810.0
122,802.0
123,744.0
124,722.0
125,730.0
126,910.0
127,846.0
128,906.0
129,846.0
130,790.0
131,702.0
132,726.0
133,656.0
134,540.0
135,606.0
136,704.0
137,946.0
138,852.0
139,858.0
140,722.0
141,758.0
142,816.0
143,672.0
144,828.0
145,744.0
146,640.0
147,538.0
148,744.0
149,872.0
150,976.0
151,898.0
152,740.0
153,796.0
154,662.0
155,538.0
156,558.0
157,612.0
158,624.0
159,758.0
160,792.0
161,752.0
162,706.0
163,772.0
164,1068.0
165,900.0
166,818.0
167,888.0
168,772.0
169,760.0
170,716.0
171,736.0
172,830.0
173,546.0
174,498.0
175,268.0
176,242.0
177,270.0
178,454.0
179,584.0
180,600.0
181,566.0
182,668.0
183,484.0
184,428.0
185,488.0
186,494.0
187,628.0
188,684.0
189,562.0
190,654.0
191,710.0
192,638.0
193,564.0
194,610.0
195,656.0
196,718.0
197,856.0
198,648.0
199,524.0
200,634.0
201,710.0
202,726.0
203,666.0
204,728.0
205,588.0
206,498.0
207,406.0
208,410.0
209,340.0
210,302.0
211,218.0
212,178.0
213,118.0
214,184.0
215,140.0
216,90.0
217,138.0
218,162.0
219,144.0
220,240.0
221,188.0
222,226.0
223,212.0
224,196.0
225,136.0
226,52.0
227,30.0
228,-10.0
229,42.0
230,82.0
231,56.0
232,36.0
233,44.0
234,56.0
235,36.0
236,30.0
237,-24.0
238,-50.0
239,-72.0
240,-56.0
241,-102.0
242,-138.0
243,-168.0
244,-158.0
245,-164.0
246,-154.0
247,-142.0
248,-186.0
249,-152.0
250,-136.0
251,-150.0
252,-120.0
253,-96.0
254,-94.0
255,-124.0
256,-152.0
257,-172.0
258,-222.0
259,-234.0
260,-234.0
261,-284.0
262,-340.0
263,-336.0
264,-354.0
265,-338.0
266,-294.0
267,-290.0
268,-282.0
269,-322.0
270,-324.0
271,-270.0
272,-334.0
273,-308.0
274,-304.0
275,-276.0
276,-322.0
277,-304.0
278,-342.0
279,-380.0
280,-380.0
281,-452.0
282,-472.0
283,-392.0
284,-358.0
285,-346.0
286,-270.0
287,-298.0
288,-228.0
289,-166.0
290,-148.0
291,-116.0
292,-82.0
293,-80.0
294,-106.0
295,-76.0
296,-74.0
297,-52.0
298,-52.0
299,16.0
300,70.0
301,86.0
302,118.0
303,146.0
304,138.0
305,148.0
306,114.0
307,106.0
308,82.0
309,112.0
310,72.0
311,36.0
312,56.0
313,18.0
314,4.0
315,-32.0
316,-8.0
317,-46.0
318,-36.0
319,-48.0
320,-52.0
321,-18.0
322,12.0
323,28.0
324,66.0
325,42.0
326,12.0
327,34.0
328,66.0
329,48.0
330,34.0
331,34.0
332,44.0
333,92.0
334,72.0
335,46.0
336,52.0
337,46.0
338,2.0
339,-34.0
340,-6.0
341,0.0
342,-12.0
343,-10.0
344,-18.0
345,20.0
346,18.0
347,18.0
348,22.0
349,74.0
350,102.0
351,76.0
352,40.0
353,36.0
354,58.0
355,60.0
356,2.0
357,-6.0
358,-6.0
359,-34.0
360,-22.0
361,-6.0
362,14.0
363,-2.0
364,40.0
365,68.0
366,52.0
367,84.0
368,88.0
369,126.0
370,96.0
371,86.0
372,82.0
373,102.0
374,110.0
375,86.0
376,84.0
377,80.0
378,60.0
379,56.0
380,84.0
381,76.0
382,134.0
383,156.0
384,172.0
385,160.0
386,162.0
387,138.0
388,134.0
389,134.0
390,202.0
391,250.0
392,252.0
393,216.0
394,248.0
395,238.0
396,192.0
397,184.0
398,156.0
399,154.0
400,140.0
401,98.0
402,114.0
403,110.0
404,84.0
405,52.0
406,72.0
407,72.0
408,46.0
409,58.0
410,108.0
411,108.0
412,108.0
413,172.0
414,164.0
415,182.0
416,152.0
417,198.0
418,208.0
419,212.0
420,192.0
421,198.0
422,184.0
423,162.0
424,212.0
425,220.0
426,240.0
427,200.0
428,190.0
429,172.0
430,214.0
431,202.0
432,244.0
433,212.0
434,226.0
435,246.0
436,250.0
437,282.0
438,244.0
439,298.0
440,286.0
441,282.0
442,286.0
443,296.0
444,316.0
445,340.0
446,274.0
447,258.0
448,258.0
449,288.0
450,302.0
451,292.0
452,326.0
453,360.0
454,382.0
455,414.0
456,452.0
457,594.0
458,648.0
459,678.0
460,786.0
461,866.0
462,840.0
463,754.0
464,918.0
465,900.0
466,790.0
467,774.0
468,598.0
469,556.0
470,580.0
471,650.0
472,744.0
473,820.0
474,828.0
475,776.0
476,762.0
477,666.0
478,740.0
479,870.0
480,872.0
481,828.0
482,924.0
483,700.0
484,642.0
485,570.0
486,698.0
487,856.0
488,750.0
489,700.0
490,650.0
491,624.0
492,608.0
493,638.0
494,746.0
495,650.0
496,604.0
497,650.0
498,826.0
499,894.0
500,860.0
501,828.0
502,746.0
503,664.0
504,726.0
505,658.0
506,604.0
507,608.0
508,592.0
509,750.0
510,830.0
511,816.0
512,794.0
513,572.0
514,550.0
515,548.0
516,558.0
517,694.0
518,738.0
519,714.0
520,818.0
521,894.0
522,854.0
523,916.0
524,974.0
525,780.0
526,596.0
527,508.0
528,414.0
529,540.0
530,546.0
531,542.0
532,704.0
533,590.0
534,574.0
535,390.0
536,358.0
537,420.0
538,502.0
539,424.0
540,392.0
541,492.0
542,456.0
543,502.0
544,474.0
545,392.0
546,408.0
547,430.0
548,370.0
549,376.0
550,342.0
551,340.0
552,326.0
553,370.0
554,300.0
555,262.0
556,250.0
557,220.0
558,190.0
559,244.0
560,272.0
561,346.0
562,332.0
563,426.0
564,546.0
565,658.0
566,860.0
567,838.0
568,812.0
569,692.0
570,718.0
571,594.0
572,758.0
573,698.0
574,646.0
575,652.0
576,794.0
577,740.0
578,728.0
579,696.0
580,610.0
581,624.0
582,506.0
583,498.0
584,552.0
585,486.0
586,586.0
587,632.0
588,558.0
589,438.0
590,374.0
591,328.0
592,316.0
593,318.0
594,388.0
595,324.0
596,318.0
597,368.0
598,414.0
599,352.0
600,412.0
601,370.0
602,356.0
603,362.0
604,350.0
605,268.0
606,274.0
607,284.0
608,288.0
609,312.0
610,326.0
611,290.0
612,314.0
613,324.0
614,314.0
615,304.0
616,330.0
617,244.0
618,266.0
619,340.0
620,394.0
621,384.0
622,350.0
623,424.0
624,460.0
625,482.0
626,488.0
627,402.0
628,432.0
629,458.0
630,456.0
631,442.0
632,422.0
633,454.0
634,494.0
635,480.0
636,528.0
637,512.0
638,536.0
639,500.0
640,512.0
641,560.0
642,530.0
643,468.0
644,516.0
645,492.0
646,408.0
647,406.0
648,430.0
649,572.0
650,560.0
651,570.0
652,580.0
653,586.0
654,650.0
655,630.0
656,666.0
657,696.0
658,790.0
659,814.0
660,726.0
661,670.0
662,544.0
663,492.0
664,506.0
665,530.0
666,598.0
667,760.0
668,838.0
669,850.0
670,890.0
671,878.0
672,772.0
673,654.0
674,668.0
675,674.0
676,584.0
677,530.0
678,546.0
679,550.0
680,640.0
681,714.0
682,802.0
683,838.0
684,854.0
685,836.0
686,742.0
687,612.0
688,666.0
689,622.0
690,742.0
691,732.0
692,958.0
693,888.0
694,870.0
695,722.0
696,760.0
697,892.0
698,742.0
699,764.0
700,748.0
701,794.0
702,868.0
703,808.0
704,898.0
705,648.0
706,600.0
707,622.0
708,712.0
709,674.0
710,652.0
711,792.0
712,818.0
713,818.0
714,828.0
715,744.0
716,616.0
717,686.0
718,746.0
719,730.0
720,720.0
721,788.0
722,760.0
723,948.0
724,904.0
725,866.0
726,1056.0
727,966.0
728,908.0
729,760.0
730,626.0
731,614.0
732,464.0
733,568.0
734,530.0
735,446.0
736,506.0
737,466.0
738,564.0
739,636.0
740,652.0
741,808.0
742,562.0
743,512.0
744,534.0
745,568.0
746,772.0
747,948.0
748,820.0
749,832.0
750,768.0
751,646.0
752,770.0
753,744.0
754,604.0
755,620.0
756,608.0
757,666.0
758,696.0
759,658.0
760,590.0
761,722.0
762,712.0
763,896.0
764,860.0
765,792.0
766,716.0
767,704.0
768,740.0
769,596.0
770,518.0
771,540.0
772,540.0
773,566.0
774,552.0
775,624.0
776,596.0
777,772.0
778,920.0
779,820.0
780,938.0
781,816.0
782,688.0
783,648.0
784,442.0
785,490.0
786,628.0
787,560.0
788,516.0
789,540.0
790,722.0
791,726.0
792,832.0
793,806.0
794,826.0
795,774.0
796,686.0
797,614.0
798,570.0
799,716.0
800,654.0
801,604.0
802,770.0
803,702.0
804,676.0
805,784.0
806,854.0
807,838.0
808,804.0
809,710.0
810,662.0
811,644.0
812,728.0
813,646.0
814,490.0
815,442.0
816,394.0
817,368.0
818,438.0
819,494.0
820,568.0
821,546.0
822,526.0
823,538.0
824,534.0
825,476.0
826,554.0
827,532.0
828,490.0
829,440.0
830,462.0
831,356.0
832,314.0
833,330.0
834,302.0
835,354.0
836,342.0
837,362.0
838,470.0
839,572.0
840,586.0
841,578.0
842,720.0
843,748.0
844,688.0
845,728.0
846,754.0
847,730.0
848,784.0
849,804.0
850,810.0
851,752.0
852,794.0
853,726.0
854,834.0
855,852.0
856,746.0
857,732.0
858,766.0
859,724.0
860,672.0
861,536.0
862,494.0
863,600.0
864,678.0
865,766.0
866,776.0
867,776.0
868,684.0
869,504.0
870,384.0
871,282.0
872,172.0
873,230.0
874,280.0
875,408.0
876,372.0
877,378.0
878,452.0
879,516.0
880,470.0
881,534.0
882,398.0
883,446.0
884,388.0
885,448.0
886,446.0
887,412.0
888,434.0
889,400.0
890,362.0
891,364.0
892,378.0
893,434.0
894,486.0
895,580.0
896,480.0
897,432.0
898,446.0
899,544.0
900,554.0
901,614.0
902,684.0
903,636.0
904,634.0
905,732.0
906,606.0
907,636.0
908,512.0
909,514.0
910,480.0
911,494.0
912,448.0
913,390.0
914,382.0
915,450.0
916,616.0
917,640.0
918,640.0
919,598.0
920,566.0
921,510.0
922,482.0
923,564.0
924,590.0
925,684.0
926,666.0
927,648.0
928,600.0
929,570.0
930,614.0
931,716.0
932,598.0
933,628.0
934,650.0
935,514.0
936,510.0
937,412.0
938,438.0
939,436.0
940,404.0
941,330.0
942,292.0
943,264.0
944,230.0
945,174.0
946,176.0
947,180.0
948,152.0
949,138.0
950,182.0
951,168.0
952,138.0
953,130.0
954,134.0
955,74.0
956,128.0
957,86.0
958,112.0
959,90.0
960,90.0
961,110.0
962,120.0
963,136.0
964,104.0
965,104.0
966,134.0
967,112.0
968,108.0
969,106.0
970,128.0
971,138.0
972,176.0
973,106.0
974,132.0
975,200.0
976,208.0
977,138.0
978,96.0
979,90.0
980,54.0
981,98.0
982,168.0
983,154.0
984,168.0
985,156.0
986,222.0
987,222.0
988,256.0
989,214.0
990,220.0
991,244.0
992,190.0
993,144.0
994,152.0
995,138.0
996,146.0
997,170.0
998,178.0
999,194.0
1000,192.0
1001,204.0
1002,210.0
1003,206.0
1004,232.0
1005,278.0
1006,272.0
1007,288.0
1008,234.0
1009,224.0
1010,222.0
1011,232.0
1012,236.0
1013,262.0
1014,314.0
1015,284.0
1016,278.0
1017,280.0
1018,314.0
1019,278.0
1020,268.0
1021,312.0
1022,276.0
1023,292.0
1024,340.0
1025,296.0
1026,300.0
1027,314.0
1028,348.0
1029,312.0
1030,360.0
1031,414.0
1032,390.0
1033,380.0
1034,396.0
1035,402.0
1036,374.0
1037,390.0
1038,364.0
1039,386.0
1040,350.0
1041,352.0
1042,346.0
1043,346.0
1044,346.0
1045,358.0
1046,274.0
1047,256.0
1048,302.0
1049,296.0
1050,292.0
1051,188.0
1052,194.0
1053,214.0
1054,232.0
1055,268.0
1056,292.0
1057,360.0
1058,404.0
1059,442.0
1060,426.0
1061,440.0
1062,454.0
1063,512.0
1064,530.0
1065,490.0
1066,500.0
1067,600.0
1068,534.0
1069,558.0
1070,524.0
1071,532.0
1072,518.0
1073,672.0
1074,752.0
1075,818.0
1076,860.0
1077,936.0
1078,868.0
1079,1076.0
1080,892.0
1081,686.0
1082,518.0
1083,538.0
1084,594.0
1085,518.0
1086,610.0
1087,542.0
1088,556.0
1089,666.0
1090,728.0
1091,822.0
1092,862.0
1093,720.0
1094,638.0
1095,630.0
1096,828.0
1097,926.0
1098,926.0
1099,1124.0
1100,946.0
1101,734.0
1102,784.0
1103,808.0
1104,828.0
1105,680.0
1106,616.0
1107,764.0
1108,904.0
1109,944.0
1110,806.0
1111,580.0
1112,688.0
1113,642.0
1114,552.0
1115,446.0
1116,488.0
1117,442.0
1118,496.0
1119,590.0
1120,562.0
1121,664.0
1122,688.0
1123,698.0
1124,784.0
1125,814.0
1126,658.0
1127,674.0
1128,576.0
1129,736.0
1130,668.0
1131,688.0
1132,656.0
1133,864.0
1134,796.0
1135,618.0
1136,602.0
1137,638.0
1138,628.0
1139,594.0
1140,578.0
1141,736.0
1142,652.0
1143,640.0
1144,608.0
1145,688.0
1146,574.0
1147,488.0
1148,422.0
1149,240.0
1150,190.0
1151,148.0
1152,106.0
1153,232.0
1154,280.0
1155,282.0
1156,264.0
1157,198.0
1158,154.0
1159,192.0
1160,220.0
1161,174.0
1162,134.0
1163,148.0
1164,224.0
1165,332.0
1166,310.0
1167,412.0
1168,458.0
1169,470.0
1170,500.0
1171,492.0
1172,468.0
1173,460.0
1174,502.0
1175,460.0
1176,520.0
1177,554.0
1178,504.0
1179,580.0
1180,608.0
1181,710.0
1182,796.0
1183,828.0
1184,800.0
1185,692.0
1186,692.0
1187,860.0
1188,890.0
1189,822.0
1190,824.0
1191,898.0
1192,840.0
1193,776.0
1194,758.0
1195,862.0
1196,888.0
1197,810.0
1198,512.0
1199,518.0
1200,592.0
1201,650.0
1202,768.0
1203,692.0
1204,782.0
1205,790.0
1206,912.0
1207,824.0
1208,750.0
1209,592.0
1210,452.0
1211,392.0
1212,360.0
1213,276.0
1214,154.0
1215,106.0
1216,164.0
1217,136.0
1218,166.0
1219,160.0
1220,158.0
1221,242.0
1222,316.0
1223,308.0
1224,252.0
1225,326.0
1226,282.0
1227,374.0
1228,376.0
1229,358.0
1230,394.0
1231,388.0
1232,410.0
1233,510.0
1234,502.0
1235,572.0
1236,542.0
1237,486.0
1238,480.0
1239,462.0
1240,544.0
1241,526.0
1242,490.0
1243,452.0
1244,542.0
1245,530.0
1246,578.0
1247,584.0
1248,544.0
1249,478.0
1250,446.0
1251,420.0
1252,454.0
1253,422.0
1254,478.0
1255,438.0
1256,484.0
1257,464.0
1258,528.0
1259,642.0
1260,588.0
1261,594.0
1262,580.0
1263,550.0
1264,542.0
1265,474.0
1266,464.0
1267,568.0
1268,544.0
1269,566.0
1270,624.0
1271,486.0
1272,442.0
1273,482.0
1274,512.0
1275,506.0
1276,508.0
1277,480.0
1278,402.0
1279,406.0
1280,418.0
1281,424.0
1282,412.0
1283,452.0
1284,382.0
1285,436.0
1286,406.0
1287,436.0
1288,492.0
1289,440.0
1290,426.0
1291,376.0
1292,370.0
1293,404.0
1294,412.0
1295,406.0
1296,462.0
1297,500.0
1298,470.0
1299,514.0
1300,386.0
1301,392.0
1302,350.0
1303,330.0
1304,414.0
1305,378.0
1306,422.0
1307,428.0
1308,454.0
1309,470.0
1310,490.0
1311,442.0
1312,424.0
1313,424.0
1314,406.0
1315,402.0
1316,354.0
1317,366.0
1318,366.0
1319,368.0
1320,354.0
1321,286.0
1322,264.0
1323,312.0
1324,306.0
1325,316.0
1326,360.0
1327,354.0
1328,374.0
1329,344.0
1330,312.0
1331,306.0
1332,350.0
1333,340.0
1334,360.0
1335,308.0
1336,348.0
1337,340.0
1338,364.0
1339,356.0
1340,342.0
1341,294.0
1342,256.0
1343,226.0
1344,210.0
1345,186.0
1346,184.0
1347,144.0
1348,136.0
1349,132.0
1350,114.0
1351,104.0
1352,106.0
1353,112.0
1354,112.0
1355,138.0
1356,128.0
1357,138.0
1358,156.0
1359,168.0
1360,202.0
1361,180.0
1362,180.0
1363,182.0
1364,196.0
1365,202.0
1366,256.0
1367,260.0
1368,274.0
1369,246.0
1370,276.0
1371,278.0
1372,278.0
1373,296.0
1374,310.0
1375,298.0
1376,300.0
1377,316.0
1378,288.0
1379,224.0
1380,148.0
1381,168.0
1382,194.0
1383,212.0
1384,218.0
1385,180.0
1386,156.0
1387,172.0
1388,146.0
1389,120.0
1390,158.0
1391,162.0
1392,166.0
1393,180.0
1394,208.0
1395,214.0
1396,232.0
1397,224.0
1398,214.0
1399,246.0
1400,206.0
1401,218.0
1402,260.0
1403,298.0
1404,306.0
1405,392.0
1406,452.0
1407,468.0
1408,514.0
1409,436.0
1410,370.0
1411,348.0
1412,346.0
1413,354.0
1414,300.0
1415,290.0
1416,260.0
1417,246.0
1418,238.0
1419,242.0
1420,204.0
1421,196.0
1422,244.0
1423,218.0
1424,218.0
1425,246.0
1426,212.0
1427,190.0
1428,198.0
1429,210.0
1430,240.0
1431,260.0
1432,244.0
1433,270.0
1434,320.0
1435,398.0
1436,406.0
1437,454.0
1438,426.0
1439,420.0
1440,450.0
1441,432.0
1442,412.0
1443,348.0
1444,350.0
1445,362.0
1446,410.0
1447,490.0
1448,524.0
1449,534.0
1450,490.0
1451,494.0
1452,510.0
1453,494.0
1454,514.0
1455,534.0
1456,542.0
1457,542.0
1458,574.0
1459,540.0
1460,656.0
1461,598.0
1462,686.0
1463,696.0
1464,822.0
1465,900.0
1466,868.0
1467,748.0
1468,806.0
1469,742.0
1470,714.0
1471,716.0
1472,796.0
1473,788.0
1474,798.0
1475,754.0
1476,586.0
1477,472.0
1478,420.0
1479,398.0
1480,226.0
1481,326.0
1482,368.0
1483,498.0
1484,564.0
1485,596.0
1486,738.0
1487,848.0
1488,606.0
1489,566.0
1490,458.0
1491,512.0
1492,596.0
1493,676.0
1494,686.0
1495,684.0
1496,570.0
1497,540.0
1498,636.0
1499,548.0
1500,596.0
1501,748.0
1502,706.0
1503,584.0
1504,532.0
1505,474.0
1506,474.0
1507,366.0
1508,346.0
1509,362.0
1510,348.0
1511,322.0
1512,282.0
1513,234.0
1514,226.0
1515,172.0
1516,172.0
1517,188.0
1518,212.0
1519,162.0
1520,216.0
1521,218.0
1522,314.0
1523,262.0
1524,250.0
1525,252.0
1526,222.0
1527,214.0
1528,224.0
1529,294.0
1530,296.0
1531,282.0
1532,228.0
1533,210.0
1534,206.0
1535,218.0
1536,210.0
1537,186.0
1538,206.0
1539,162.0
1540,176.0
1541,136.0
1542,188.0
1543,218.0
1544,234.0
1545,252.0
1546,244.0
1547,218.0
1548,148.0
1549,156.0
1550,214.0
1551,204.0
1552,268.0
1553,270.0
1554,308.0
1555,350.0
1556,338.0
1557,266.0
1558,306.0
1559,296.0
1560,252.0
1561,254.0
1562,262.0
1563,282.0
1564,236.0
1565,214.0
1566,232.0
1567,246.0
1568,252.0
1569,226.0
1570,222.0
1571,204.0
1572,196.0
1573,226.0
1574,262.0
1575,318.0
1576,294.0
1577,274.0
1578,292.0
1579,334.0
1580,344.0
1581,352.0
1582,328.0
1583,376.0
1584,376.0
1585,352.0
1586,330.0
1587,332.0
1588,326.0
1589,312.0
1590,348.0
1591,322.0
1592,342.0
1593,348.0
1594,374.0
1595,378.0
1596,370.0
1597,408.0
1598,400.0
1599,410.0
1600,374.0
1601,432.0
1602,428.0
1603,442.0
1604,428.0
1605,428.0
1606,408.0
1607,472.0
1608,458.0
1609,440.0
1610,392.0
1611,450.0
1612,396.0
1613,356.0
1614,396.0
1615,452.0
1616,418.0
1617,416.0
1618,420.0
1619,398.0
1620,364.0
1621,330.0
1622,326.0
1623,364.0
1624,372.0
1625,320.0
1626,316.0
1627,298.0
1628,356.0
1629,388.0
1630,416.0
1631,466.0
1632,510.0
1633,506.0
1634,586.0
1635,556.0
1636,624.0
1637,574.0
1638,590.0
1639,652.0
1640,722.0
1641,662.0
1642,724.0
1643,916.0
1644,766.0
1645,812.0
1646,776.0
1647,680.0
1648,646.0
1649,742.0
1650,796.0
1651,682.0
1652,618.0
1653,618.0
1654,704.0
1655,520.0
1656,456.0
1657,410.0
1658,460.0
1659,446.0
1660,392.0
1661,350.0
1662,340.0
1663,276.0
1664,286.0
1665,276.0
1666,336.0
1667,386.0
1668,410.0
1669,496.0
1670,518.0
1671,522.0
1672,466.0
1673,498.0
1674,520.0
1675,524.0
1676,446.0
1677,424.0
1678,376.0
1679,416.0
1680,402.0
1681,410.0
1682,438.0
1683,380.0
1684,368.0
1685,424.0
1686,462.0
1687,482.0
1688,478.0
1689,478.0
1690,490.0
1691,492.0
1692,594.0
1693,570.0
1694,586.0
1695,646.0
1696,688.0
1697,782.0
1698,772.0
1699,636.0
1700,664.0
1701,752.0
1702,760.0
1703,740.0
1704,746.0
1705,748.0
1706,808.0
1707,702.0
1708,650.0
1709,690.0
1710,618.0
1711,694.0
1712,498.0
1713,466.0
1714,466.0
1715,478.0
1716,442.0
1717,440.0
1718,414.0
1719,528.0
1720,568.0
1721,566.0
1722,528.0
1723,478.0
1724,484.0
1725,472.0
1726,464.0
1727,508.0
1728,594.0
1729,664.0
1730,714.0
1731,768.0
1732,840.0
1733,874.0
1734,704.0
1735,660.0
1736,682.0
1737,664.0
1738,682.0
1739,616.0
1740,622.0
1741,634.0
1742,620.0
1743,696.0
1744,562.0
1745,432.0
1746,352.0
1747,322.0
1748,252.0
1749,214.0
1750,198.0
1751,206.0
1752,206.0
1753,208.0
1754,168.0
1755,244.0
1756,252.0
1757,312.0
1758,342.0
1759,352.0
1760,372.0
1761,422.0
1762,470.0
1763,514.0
1764,548.0
1765,580.0
1766,504.0
1767,544.0
1768,548.0
1769,608.0
1770,600.0
1771,560.0
1772,584.0
1773,572.0
1774,596.0
1775,558.0
1776,516.0
1777,500.0
1778,512.0
1779,462.0
1780,466.0
1781,508.0
1782,528.0
1783,506.0
1784,480.0
1785,506.0
1786,554.0
1787,558.0
1788,610.0
1789,614.0
1790,558.0
1791,526.0
1792,536.0
1793,544.0
1794,530.0
1795,452.0
1796,378.0
1797,440.0
1798,404.0
1799,374.0
1800,352.0
1801,314.0
1802,276.0
1803,224.0
1804,208.0
1805,240.0
1806,216.0
1807,246.0
1808,260.0
1809,256.0
1810,248.0
1811,266.0
1812,272.0
1813,274.0
1814,276.0
1815,286.0
1816,332.0
1817,334.0
1818,354.0
1819,380.0
1820,338.0
1821,384.0
1822,432.0
1823,450.0
1824,488.0
1825,512.0
1826,498.0
1827,462.0
1828,476.0
1829,474.0
1830,474.0
1831,458.0
1832,408.0
1833,356.0
1834,324.0
1835,324.0
1836,294.0
1837,294.0
1838,326.0
1839,290.0
1840,270.0
1841,314.0
1842,276.0
1843,252.0
1844,312.0
1845,308.0
1846,306.0
1847,278.0
1848,290.0
1849,264.0
1850,264.0
1851,296.0
1852,238.0
1853,260.0
1854,212.0
1855,176.0
1856,154.0
1857,166.0
1858,146.0
1859,138.0
1860,136.0
1861,152.0
1862,194.0
1863,198.0
1864,158.0
1865,162.0
1866,234.0
1867,202.0
1868,168.0
1869,204.0
1870,182.0
1871,216.0
1872,204.0
1873,188.0
1874,208.0
1875,242.0
1876,228.0
1877,166.0
1878,176.0
1879,178.0
1880,164.0
1881,168.0
1882,194.0
1883,172.0
1884,176.0
1885,226.0
1886,164.0
1887,152.0
1888,204.0
1889,208.0
1890,196.0
1891,186.0
1892,212.0
1893,238.0
1894,290.0
1895,300.0
1896,246.0
1897,224.0
1898,230.0
1899,180.0
1900,174.0
1901,182.0
1902,158.0
1903,198.0
1904,174.0
1905,194.0
1906,186.0
1907,224.0
1908,262.0
1909,272.0
1910,252.0
1911,250.0
1912,236.0
1913,226.0
1914,182.0
1915,178.0
1916,188.0
1917,208.0
1918,232.0
1919,210.0
1920,252.0
1921,266.0
1922,244.0
1923,280.0
1924,292.0
1925,322.0
1926,268.0
1927,280.0
1928,270.0
1929,232.0
1930,240.0
1931,232.0
1932,284.0
1933,346.0
1934,324.0
1935,366.0
1936,396.0
1937,432.0
1938,462.0
1939,506.0
1940,512.0
1941,486.0
1942,526.0
1943,582.0
1944,584.0
1945,556.0
1946,542.0
1947,520.0
1948,524.0
1949,480.0
1950,496.0
1951,536.0
1952,574.0
1953,520.0
1954,512.0
1955,508.0
1956,520.0
1957,456.0
1958,476.0
1959,454.0
1960,470.0
1961,448.0
1962,506.0
1963,478.0
1964,498.0
1965,452.0
1966,494.0
1967,476.0
1968,550.0
1969,614.0
1970,658.0
1971,666.0
1972,694.0
1973,698.0
1974,724.0
1975,674.0
1976,636.0
1977,684.0
1978,712.0
1979,712.0
1980,808.0
1981,854.0
1982,812.0
1983,718.0
1984,684.0
1985,646.0
1986,672.0
1987,654.0
1988,630.0
1989,556.0
1990,488.0
1991,594.0
1992,722.0
1993,754.0
1994,742.0
1995,1004.0
1996,912.0
1997,928.0
1998,796.0
1999,790.0
2000,592.0
2001,526.0
2002,560.0
2003,424.0
2004,426.0
2005,444.0
2006,502.0
2007,532.0
2008,530.0
2009,598.0
2010,692.0
2011,732.0
2012,668.0
2013,752.0
2014,680.0
2015,706.0
2016,744.0
2017,772.0
2018,776.0
2019,894.0
2020,994.0
2021,872.0
2022,748.0
2023,794.0
2024,826.0
2025,730.0
2026,660.0
2027,596.0
2028,488.0
2029,504.0
2030,684.0
2031,854.0
2032,924.0
2033,922.0
2034,804.0
2035,738.0
2036,568.0
2037,634.0
2038,566.0
2039,746.0
2040,712.0
2041,718.0
2042,772.0
2043,728.0
2044,606.0
2045,670.0
2046,602.0
2047,520.0
2048,474.0
2049,418.0
2050,418.0
2051,350.0
2052,348.0
2053,224.0
2054,138.0
2055,236.0
2056,358.0
2057,290.0
2058,330.0
2059,458.0
2060,404.0
2061,388.0
2062,340.0
2063,360.0
2064,286.0
2065,360.0
2066,418.0
2067,490.0
2068,574.0
2069,584.0
2070,734.0
2071,706.0
2072,716.0
2073,674.0
2074,612.0
2075,642.0
2076,650.0
2077,668.0
2078,734.0
2079,792.0
2080,696.0
2081,746.0
2082,636.0
2083,616.0
2084,618.0
2085,634.0
2086,590.0
2087,570.0
2088,566.0
2089,604.0
2090,646.0
2091,744.0
2092,804.0
2093,692.0
2094,708.0
2095,696.0
2096,676.0
2097,672.0
2098,664.0
2099,800.0
2100,824.0
2101,760.0
2102,628.0
2103,550.0
2104,518.0
2105,498.0
2106,680.0
2107,652.0
2108,650.0
2109,586.0
2110,624.0
2111,566.0
2112,598.0
2113,612.0
2114,558.0
2115,554.0
2116,558.0
2117,608.0
2118,504.0
2119,556.0
2120,472.0
2121,514.0
2122,658.0
2123,674.0
2124,688.0
2125,896.0
2126,1046.0
2127,984.0
2128,954.0
2129,762.0
2130,446.0
2131,488.0
2132,372.0
2133,336.0
2134,296.0
2135,260.0
2136,402.0
2137,386.0
2138,394.0
2139,358.0
2140,340.0
2141,262.0
2142,280.0
2143,152.0
2144,184.0
2145,190.0
2146,130.0
2147,68.0
2148,96.0
2149,118.0
2150,122.0
2151,76.0
2152,92.0
2153,150.0
2154,166.0
2155,166.0
2156,130.0
2157,162.0
2158,184.0
2159,110.0
2160,88.0
2161,50.0
2162,40.0
2163,52.0
2164,116.0
2165,140.0
2166,196.0
2167,196.0
2168,210.0
2169,188.0
2170,230.0
2171,280.0
2172,240.0
2173,290.0
2174,370.0
2175,420.0
2176,504.0
2177,572.0
2178,524.0
2179,496.0
2180,508.0
2181,486.0
2182,412.0
2183,388.0
2184,384.0
2185,400.0
2186,378.0
2187,428.0
2188,480.0
2189,576.0
2190,602.0
2191,646.0
2192,626.0
2193,546.0
2194,550.0
2195,658.0
2196,698.0
2197,736.0
2198,782.0
2199,782.0
2200,824.0
2201,790.0
2202,764.0
2203,848.0
2204,954.0
2205,850.0
2206,842.0
2207,662.0
2208,542.0
2209,500.0
2210,486.0
2211,682.0
2212,720.0
2213,610.0
2214,638.0
2215,704.0
2216,734.0
2217,624.0
2218,696.0
2219,696.0
2220,720.0
2221,616.0
2222,546.0
2223,486.0
2224,572.0
2225,572.0
2226,582.0
2227,586.0
2228,442.0
2229,464.0
2230,594.0
2231,648.0
2232,536.0
2233,602.0
2234,528.0
2235,454.0
2236,416.0
2237,426.0
2238,368.0
2239,404.0
2240,508.0
2241,464.0
2242,406.0
2243,352.0
2244,308.0
2245,310.0
2246,332.0
2247,382.0
2248,420.0
2249,458.0
2250,472.0
2251,460.0
2252,496.0
2253,470.0
2254,478.0
2255,454.0
2256,434.0
2257,400.0
2258,358.0
2259,332.0
2260,288.0
2261,310.0
2262,362.0
2263,306.0
2264,256.0
2265,254.0
2266,190.0
2267,146.0
2268,96.0
2269,66.0
2270,68.0
2271,60.0
2272,86.0
2273,20.0
2274,16.0
2275,-6.0
2276,2.0
2277,-34.0
2278,-42.0
2279,-34.0
2280,-12.0
2281,-4.0
2282,-22.0
2283,-40.0
2284,-68.0
2285,-76.0
2286,-106.0
2287,-144.0
2288,-220.0
2289,-292.0
2290,-308.0
2291,-346.0
2292,-364.0
2293,-358.0
2294,-342.0
2295,-310.0
2296,-378.0
2297,-432.0
2298,-454.0
2299,-460.0
2300,-450.0
2301,-466.0
2302,-530.0
2303,-564.0
2304,-608.0
2305,-672.0
2306,-612.0
2307,-606.0
2308,-642.0
2309,-652.0
2310,-620.0
2311,-642.0
2312,-610.0
2313,-610.0
2314,-554.0
2315,-590.0
2316,-580.0
2317,-534.0
2318,-532.0
2319,-592.0
2320,-614.0
2321,-668.0
2322,-586.0
2323,-528.0
2324,-552.0
2325,-668.0
2326,-730.0
2327,-708.0
2328,-766.0
2329,-692.0
2330,-784.0
2331,-846.0
2332,-912.0
2333,-836.0
2334,-780.0
2335,-878.0
2336,-688.0
2337,-702.0
2338,-588.0
2339,-534.0
2340,-390.0
2341,-344.0
2342,-378.0
2343,-340.0
2344,-342.0
2345,-478.0
2346,-566.0
2347,-550.0
2348,-566.0
2349,-398.0
2350,-348.0
2351,-334.0
2352,-312.0
2353,-372.0
2354,-370.0
2355,-458.0
2356,-518.0
2357,-436.0
2358,-474.0
2359,-506.0
2360,-512.0
2361,-522.0
2362,-582.0
2363,-556.0
2364,-468.0
2365,-486.0
2366,-468.0
2367,-520.0
2368,-524.0
2369,-560.0
2370,-568.0
2371,-540.0
2372,-682.0
2373,-674.0
2374,-658.0
2375,-548.0
2376,-592.0
2377,-586.0
2378,-560.0
2379,-512.0
2380,-596.0
2381,-590.0
2382,-674.0
2383,-714.0
2384,-676.0
2385,-682.0
2386,-746.0
2387,-624.0
2388,-708.0
2389,-804.0
2390,-886.0
2391,-766.0
2392,-690.0
2393,-766.0
2394,-750.0
2395,-638.0
2396,-760.0
2397,-698.0
2398,-644.0
2399,-660.0
2400,-678.0
2401,-690.0
2402,-632.0
2403,-694.0
2404,-612.0
2405,-670.0
2406,-592.0
2407,-624.0
2408,-546.0
2409,-490.0
2410,-442.0
2411,-404.0
2412,-380.0
2413,-424.0
2414,-422.0
2415,-414.0
2416,-384.0
2417,-394.0
2418,-406.0
2419,-386.0
2420,-378.0
2421,-390.0
2422,-398.0
2423,-410.0
2424,-398.0
2425,-358.0
2426,-384.0
2427,-364.0
2428,-384.0
2429,-336.0
2430,-334.0
2431,-312.0
2432,-326.0
2433,-374.0
2434,-448.0
2435,-544.0
2436,-558.0
2437,-596.0
2438,-630.0
2439,-644.0
2440,-708.0
2441,-670.0
2442,-714.0
2443,-702.0
2444,-654.0
2445,-566.0
2446,-580.0
2447,-490.0
2448,-474.0
2449,-504.0
2450,-492.0
2451,-620.0
2452,-522.0
2453,-530.0
2454,-556.0
2455,-590.0
2456,-584.0
2457,-592.0
2458,-680.0
2459,-574.0
2460,-590.0
2461,-612.0
2462,-602.0
2463,-660.0
2464,-640.0
2465,-688.0
2466,-696.0
2467,-598.0
2468,-658.0
2469,-768.0
2470,-744.0
2471,-704.0
2472,-638.0
2473,-658.0
2474,-678.0
2475,-694.0
2476,-648.0
2477,-662.0
2478,-610.0
2479,-724.0
2480,-794.0
2481,-788.0
2482,-734.0
2483,-696.0
2484,-820.0
2485,-912.0
2486,-856.0
2487,-822.0
2488,-808.0
2489,-892.0
2490,-916.0
2491,-784.0
2492,-756.0
2493,-728.0
2494,-786.0
2495,-594.0
2496,-592.0
2497,-626.0
2498,-622.0
2499,-686.0
2500,-624.0
2501,-676.0
2502,-642.0
2503,-510.0
2504,-436.0
2505,-408.0
2506,-496.0
2507,-432.0
2508,-462.0
2509,-478.0
2510,-380.0
2511,-426.0
2512,-478.0
2513,-488.0
2514,-524.0
2515,-516.0
2516,-550.0
2517,-542.0
2518,-606.0
2519,-694.0
2520,-674.0
2521,-650.0
2522,-472.0
2523,-430.0
2524,-302.0
2525,-226.0
2526,-156.0
2527,-114.0
2528,-124.0
2529,-160.0
2530,-140.0
2531,-152.0
2532,-168.0
2533,-140.0
2534,-142.0
2535,-98.0
2536,-122.0
2537,-40.0
2538,-78.0
2539,-56.0
2540,-126.0
2541,-154.0
2542,-190.0
2543,-236.0
2544,-210.0
2545,-222.0
2546,-310.0
2547,-350.0
2548,-382.0
2549,-396.0
2550,-314.0
2551,-254.0
2552,-310.0
2553,-356.0
2554,-386.0
2555,-378.0
2556,-412.0
2557,-400.0
2558,-444.0
2559,-426.0
2560,-500.0
2561,-602.0
2562,-594.0
2563,-638.0
2564,-638.0
2565,-666.0
2566,-604.0
2567,-636.0
2568,-804.0
2569,-762.0
2570,-822.0
2571,-834.0
2572,-648.0
2573,-552.0
2574,-638.0
2575,-566.0
2576,-576.0
2577,-678.0
2578,-774.0
2579,-790.0
2580,-804.0
2581,-800.0
2582,-876.0
2583,-740.0
2584,-692.0
2585,-642.0
2586,-586.0
2587,-566.0
2588,-692.0
2589,-932.0
2590,-872.0
2591,-812.0
2592,-724.0
2593,-770.0
2594,-750.0
2595,-822.0
2596,-674.0
2597,-928.0
2598,-784.0
2599,-804.0
2600,-718.0
2601,-760.0
2602,-748.0
2603,-584.0
2604,-792.0
2605,-738.0
2606,-678.0
2607,-730.0
2608,-624.0
2609,-628.0
2610,-530.0
2611,-616.0
2612,-662.0
2613,-832.0
2614,-824.0
2615,-794.0
2616,-838.0
2617,-950.0
2618,-908.0
2619,-728.0
2620,-600.0
2621,-536.0
2622,-554.0
2623,-470.0
2624,-562.0
2625,-584.0
2626,-610.0
2627,-614.0
2628,-586.0
2629,-430.0
2630,-432.0
2631,-318.0
2632,-212.0
2633,-234.0
2634,-254.0
2635,-338.0
2636,-276.0
2637,-314.0
2638,-334.0
2639,-344.0
2640,-438.0
2641,-452.0
2642,-538.0
2643,-540.0
2644,-580.0
2645,-610.0
2646,-576.0
2647,-526.0
2648,-508.0
2649,-530.0
2650,-522.0
2651,-512.0
2652,-446.0
2653,-434.0
2654,-500.0
2655,-514.0
2656,-486.0
2657,-422.0
2658,-510.0
2659,-470.0
2660,-568.0
2661,-456.0
2662,-372.0
2663,-308.0
2664,-270.0
2665,-220.0
2666,-276.0
2667,-270.0
2668,-232.0
2669,-256.0
2670,-202.0
2671,-156.0
2672,-196.0
2673,-166.0
2674,-130.0
2675,-112.0
2676,-126.0
2677,-170.0
2678,-186.0
2679,-168.0
2680,-140.0
2681,-104.0
2682,-54.0
2683,-46.0
2684,-26.0
2685,40.0
2686,48.0
2687,32.0
2688,54.0
2689,86.0
2690,100.0
2691,120.0
2692,130.0
2693,110.0
2694,92.0
2695,118.0
2696,102.0
2697,136.0
2698,140.0
2699,116.0
2700,86.0
2701,110.0
2702,82.0
2703,136.0
2704,124.0
2705,160.0
2706,206.0
2707,232.0
2708,232.0
2709,282.0
2710,302.0
2711,296.0
2712,256.0
2713,238.0
2714,260.0
2715,268.0
2716,314.0
2717,326.0
2718,366.0
2719,424.0
2720,448.0
2721,496.0
2722,568.0
2723,618.0
2724,760.0
2725,778.0
2726,772.0
2727,742.0
2728,682.0
2729,562.0
2730,488.0
2731,468.0
2732,472.0
2733,430.0
2734,422.0
2735,400.0
2736,460.0
2737,476.0
2738,402.0
2739,416.0
2740,414.0
2741,380.0
2742,388.0
2743,328.0
2744,258.0
2745,308.0
2746,306.0
2747,352.0
2748,316.0
2749,358.0
2750,338.0
2751,362.0
2752,348.0
2753,406.0
2754,398.0
2755,406.0
2756,416.0
2757,392.0
2758,520.0
2759,536.0
2760,556.0
2761,602.0
2762,626.0
2763,592.0
2764,624.0
2765,648.0
2766,638.0
2767,550.0
2768,604.0
2769,678.0
2770,736.0
2771,750.0
2772,754.0
2773,854.0
2774,772.0
2775,844.0
2776,922.0
2777,946.0
2778,970.0
2779,1070.0
2780,784.0
2781,844.0
2782,758.0
2783,788.0
2784,846.0
2785,794.0
2786,826.0
2787,890.0
2788,696.0
2789,550.0
2790,578.0
2791,664.0
2792,878.0
2793,858.0
2794,764.0
2795,646.0
2796,496.0
2797,484.0
2798,742.0
2799,832.0
2800,746.0
2801,824.0
2802,714.0
2803,640.0
2804,616.0
2805,734.0
2806,654.0
2807,612.0
2808,728.0
2809,672.0
2810,778.0
2811,742.0
2812,824.0
2813,974.0
2814,798.0
2815,750.0
2816,850.0
2817,724.0
2818,846.0
2819,682.0
2820,782.0
2821,850.0
2822,686.0
2823,800.0
2824,728.0
2825,776.0
2826,852.0
2827,820.0
2828,506.0
2829,556.0
2830,574.0
2831,580.0
2832,586.0
2833,684.0
2834,734.0
2835,766.0
2836,788.0
2837,730.0
2838,582.0
2839,556.0
2840,656.0
2841,654.0
2842,642.0
2843,578.0
2844,552.0
2845,584.0
2846,524.0
2847,604.0
2848,782.0
2849,738.0
2850,688.0
2851,632.0
2852,678.0
2853,666.0
2854,594.0
2855,726.0
2856,928.0
2857,912.0
2858,786.0
2859,696.0
2860,696.0
2861,898.0
2862,1114.0
2863,900.0
2864,816.0
2865,956.0
2866,782.0
2867,706.0
2868,842.0
2869,852.0
2870,866.0
2871,550.0
2872,218.0
2873,126.0
2874,124.0
2875,134.0
2876,126.0
2877,114.0
2878,194.0
2879,170.0
2880,202.0
2881,156.0
2882,82.0
2883,74.0
2884,8.0
2885,78.0
2886,148.0
2887,168.0
2888,224.0
2889,310.0
2890,218.0
2891,140.0
2892,40.0
2893,68.0
2894,112.0
2895,146.0
2896,158.0
2897,134.0
2898,86.0
2899,96.0
2900,126.0
2901,106.0
2902,152.0
2903,122.0
2904,72.0
2905,50.0
2906,18.0
2907,24.0
2908,94.0
2909,98.0
2910,184.0
2911,204.0
2912,184.0
2913,202.0
2914,242.0
2915,230.0
2916,188.0
2917,102.0
2918,102.0
2919,100.0
2920,56.0
2921,32.0
2922,2.0
2923,48.0
2924,20.0
2925,2.0
2926,14.0
2927,38.0
2928,24.0
2929,38.0
2930,56.0
2931,64.0
2932,102.0
2933,86.0
2934,44.0
2935,54.0
2936,108.0
2937,70.0
2938,66.0
2939,40.0
2940,116.0
2941,132.0
2942,136.0
2943,82.0
2944,84.0
2945,74.0
2946,46.0
2947,44.0
2948,52.0
2949,60.0
2950,66.0
2951,106.0
2952,52.0
2953,72.0
2954,72.0
2955,28.0
2956,0.0
2957,22.0
2958,-16.0
2959,-52.0
2960,-74.0
2961,-104.0
2962,-124.0
2963,-144.0
2964,-118.0
2965,-126.0
2966,-152.0
2967,-132.0
2968,-148.0
2969,-134.0
2970,-132.0
2971,-84.0
2972,-34.0
2973,-6.0
2974,-34.0
2975,-16.0
2976,-4.0
2977,-26.0
2978,-2.0
2979,14.0
2980,52.0
2981,12.0
2982,-18.0
2983,-44.0
2984,-50.0
2985,-14.0
2986,-8.0
2987,4.0
2988,16.0
2989,56.0
2990,78.0
2991,12.0
2992,18.0
2993,10.0
2994,-2.0
2995,16.0
2996,16.0
2997,42.0
2998,30.0
2999,-4.0
3000,10.0
3001,-34.0
3002,-4.0
3003,-10.0
3004,-10.0
3005,-16.0
3006,10.0
3007,2.0
3008,-22.0
3009,-8.0
3010,-38.0
3011,-36.0
3012,-34.0
3013,-16.0
3014,-20.0
3015,-10.0
3016,30.0
3017,32.0
3018,6.0
3019,12.0
3020,-2.0
3021,0.0
3022,6.0
3023,12.0
3024,64.0
3025,54.0
3026,38.0
3027,84.0
3028,116.0
3029,122.0
3030,98.0
3031,90.0
3032,48.0
3033,52.0
3034,78.0
3035,92.0
3036,132.0
3037,140.0
3038,134.0
3039,106.0
3040,110.0
3041,114.0
3042,110.0
3043,110.0
3044,94.0
3045,122.0
3046,90.0
3047,130.0
3048,162.0
3049,220.0
3050,234.0
3051,252.0
3052,238.0
3053,264.0
3054,320.0
3055,328.0
3056,362.0
3057,378.0
3058,380.0
3059,392.0
3060,398.0
3061,374.0
3062,376.0
3063,354.0
3064,354.0
3065,330.0
3066,258.0
3067,280.0
3068,250.0
3069,230.0
3070,270.0
3071,244.0
3072,236.0
3073,218.0
3074,198.0
3075,138.0
3076,110.0
3077,128.0
3078,132.0
3079,138.0
3080,128.0
3081,110.0
3082,84.0
3083,38.0
3084,20.0
3085,10.0
3086,22.0
3087,62.0
3088,32.0
3089,36.0
3090,24.0
3091,20.0
3092,40.0
3093,80.0
3094,120.0
3095,128.0
3096,164.0
3097,126.0
3098,100.0
3099,92.0
3100,102.0
3101,72.0
3102,70.0
3103,70.0
3104,106.0
3105,122.0
3106,132.0
3107,90.0
3108,52.0
3109,84.0
3110,90.0
3111,96.0
3112,92.0
3113,46.0
3114,8.0
3115,18.0
3116,22.0
3117,46.0
3118,44.0
3119,-12.0
3120,16.0
3121,-16.0
3122,-14.0
3123,-12.0
3124,12.0
3125,8.0
3126,-28.0
3127,-74.0
3128,-26.0
3129,16.0
3130,2.0
3131,44.0
3132,50.0
3133,60.0
3134,32.0
3135,42.0
3136,42.0
3137,46.0
3138,20.0
3139,26.0
3140,52.0
3141,56.0
3142,58.0
3143,76.0
3144,92.0
3145,98.0
3146,56.0
3147,106.0
3148,148.0
3149,136.0
3150,128.0
3151,86.0
3152,74.0
3153,104.0
3154,136.0
3155,110.0
3156,136.0
3157,132.0
3158,162.0
3159,134.0
3160,102.0
3161,98.0
3162,84.0
3163,120.0
3164,152.0
3165,150.0
3166,168.0
3167,204.0
3168,206.0
3169,222.0
3170,196.0
3171,170.0
3172,150.0
3173,158.0
3174,152.0
3175,134.0
3176,98.0
3177,142.0
3178,162.0
3179,150.0
3180,126.0
3181,148.0
3182,162.0
3183,188.0
3184,202.0
3185,212.0
3186,198.0
3187,136.0
3188,152.0
3189,130.0
3190,122.0
3191,144.0
3192,162.0
3193,136.0
3194,128.0
3195,110.0
3196,104.0
3197,110.0
3198,158.0
3199,200.0
3200,168.0
3201,150.0
3202,112.0
3203,134.0
3204,132.0
3205,128.0
3206,92.0
3207,80.0
3208,102.0
3209,98.0
3210,52.0
3211,44.0
3212,48.0
3213,46.0
3214,40.0
3215,34.0
3216,18.0
3217,12.0
3218,18.0
3219,8.0
3220,38.0
3221,2.0
3222,-34.0
3223,-24.0
3224,-18.0
3225,8.0
3226,6.0
3227,8.0
3228,4.0
3229,-28.0
3230,-22.0
3231,-18.0
3232,-48.0
3233,-66.0
3234,-34.0
3235,-34.0
3236,-26.0
3237,-6.0
3238,14.0
3239,52.0
3240,74.0
3241,66.0
3242,42.0
3243,22.0
3244,12.0
3245,14.0
3246,36.0
3247,54.0
3248,28.0
3249,48.0
3250,44.0
3251,16.0
3252,50.0
3253,90.0
3254,150.0
3255,134.0
3256,86.0
3257,86.0
3258,88.0
3259,30.0
3260,16.0
3261,18.0
3262,-20.0
3263,-42.0
3264,-26.0
3265,-30.0
3266,-10.0
3267,4.0
3268,-6.0
3269,-22.0
3270,-26.0
3271,-4.0
3272,-14.0
3273,12.0
3274,-4.0
3275,8.0
3276,58.0
3277,46.0
3278,34.0
3279,26.0
3280,-6.0
3281,-40.0
3282,-44.0
3283,-68.0
3284,-76.0
3285,-64.0
3286,-96.0
3287,-108.0
3288,-64.0
3289,-50.0
3290,-84.0
3291,-72.0
3292,-82.0
3293,-66.0
3294,-36.0
3295,-28.0
3296,-8.0
3297,-14.0
3298,-50.0
3299,-20.0
3300,-42.0
3301,-56.0
3302,-44.0
3303,-24.0
3304,2.0
3305,-16.0
3306,-28.0
3307,-2.0
3308,36.0
3309,50.0
3310,48.0
3311,72.0
3312,66.0
3313,74.0
3314,82.0
3315,42.0
3316,28.0
3317,-10.0
3318,-8.0
3319,-2.0
3320,10.0
3321,34.0
3322,6.0
3323,-6.0
3324,6.0
3325,14.0
3326,26.0
3327,18.0
3328,12.0
3329,2.0
3330,-12.0
3331,-34.0
3332,0.0
3333,-2.0
3334,-24.0
3335,20.0
3336,12.0
3337,18.0
3338,38.0
3339,18.0
3340,-6.0
3341,-4.0
3342,-34.0
3343,-42.0
3344,-4.0
3345,-2.0
3346,-18.0
3347,0.0
3348,2.0
3349,10.0
3350,2.0
3351,-24.0
3352,-10.0
3353,-26.0
3354,-20.0
3355,-14.0
3356,-14.0
3357,14.0
3358,12.0
3359,-20.0
3360,-10.0
3361,4.0
3362,0.0
3363,-26.0
3364,-4.0
3365,20.0
3366,58.0
3367,64.0
3368,32.0
3369,6.0
3370,46.0
3371,44.0
3372,34.0
3373,56.0
3374,46.0
3375,60.0
3376,60.0
3377,74.0
3378,44.0
3379,12.0
3380,0.0
3381,32.0
3382,24.0
3383,28.0
3384,80.0
3385,114.0
3386,98.0
3387,58.0
3388,74.0
3389,96.0
3390,92.0
3391,100.0
3392,88.0
3393,58.0
3394,86.0
3395,42.0
3396,82.0
3397,94.0
3398,106.0
3399,78.0
3400,108.0
3401,66.0
3402,58.0
3403,68.0
3404,88.0
3405,94.0
3406,88.0
3407,56.0
3408,66.0
3409,100.0
3410,110.0
3411,88.0
3412,82.0
3413,54.0
3414,86.0
3415,86.0
3416,88.0
3417,76.0
3418,54.0
3419,60.0
3420,48.0
3421,42.0
3422,30.0
3423,-12.0
3424,12.0
3425,4.0
3426,-32.0
3427,-36.0
3428,-66.0
3429,-40.0
3430,-4.0
3431,-10.0
3432,-24.0
3433,-4.0
3434,-14.0
3435,-28.0
3436,-40.0
3437,-40.0
3438,-66.0
3439,-58.0
3440,-34.0
3441,-10.0
3442,-12.0
3443,10.0
3444,14.0
3445,18.0
3446,16.0
3447,-2.0
3448,36.0
3449,54.0
3450,72.0
3451,96.0
3452,114.0
3453,142.0
3454,128.0
3455,140.0
3456,166.0
3457,208.0
3458,238.0
3459,258.0
3460,264.0
3461,258.0
3462,252.0
3463,236.0
3464,244.0
3465,320.0
3466,344.0
3467,350.0
3468,360.0
3469,364.0
3470,324.0
3471,304.0
3472,300.0
3473,290.0
3474,304.0
3475,368.0
3476,380.0
3477,410.0
3478,420.0
3479,376.0
3480,356.0
3481,354.0
3482,362.0
3483,372.0
3484,410.0
3485,370.0
3486,376.0
3487,376.0
3488,348.0
3489,334.0
3490,324.0
3491,298.0
3492,292.0
3493,288.0
3494,294.0
3495,298.0
3496,254.0
3497,290.0
3498,314.0
3499,278.0
3500,276.0
3501,272.0
3502,240.0
3503,252.0
3504,250.0
3505,228.0
3506,224.0
3507,254.0
3508,222.0
3509,220.0
3510,238.0
3511,264.0
3512,202.0
3513,220.0
3514,252.0
3515,222.0
3516,182.0
3517,212.0
3518,204.0
3519,188.0
3520,202.0
3521,182.0
3522,192.0
3523,220.0
3524,208.0
3525,198.0
3526,194.0
3527,184.0
3528,144.0
3529,100.0
3530,88.0
3531,70.0
3532,88.0
3533,50.0
3534,22.0
3535,0.0
3536,-10.0
3537,-14.0
3538,-12.0
3539,-28.0
3540,-28.0
3541,-12.0
3542,-26.0
3543,-42.0
3544,-50.0
3545,-46.0
3546,-8.0
3547,-8.0
3548,-14.0
3549,-4.0
3550,-12.0
3551,14.0
3552,20.0
3553,20.0
3554,20.0
3555,16.0
3556,28.0
3557,46.0
3558,46.0
3559,48.0
3560,62.0
3561,40.0
3562,40.0
3563,44.0
3564,28.0
3565,34.0
3566,34.0
3567,10.0
3568,28.0
3569,48.0
3570,46.0
3571,66.0
3572,84.0
3573,64.0
3574,104.0
3575,70.0
3576,64.0
3577,50.0
3578,44.0
3579,42.0
3580,36.0
3581,24.0
3582,6.0
3583,14.0
3584,30.0
3585,14.0
3586,2.0
3587,6.0
3588,-4.0
3589,-10.0
3590,-8.0
3591,-10.0
3592,8.0
3593,12.0
3594,2.0
3595,0.0
3596,10.0
3597,16.0
3598,22.0
3599,36.0
3600,44.0
3601,76.0
3602,48.0
3603,44.0
3604,24.0
3605,32.0
3606,64.0
3607,64.0
3608,48.0
3609,60.0
3610,4.0
3611,-16.0
3612,4.0
3613,0.0
3614,-6.0
3615,0.0
3616,-8.0
3617,-26.0
3618,-48.0
3619,-56.0
3620,-64.0
3621,-68.0
3622,-70.0
3623,-72.0
3624,-50.0
3625,-26.0
3626,-28.0
3627,-22.0
3628,-22.0
3629,-6.0
3630,-4.0
3631,-16.0
3632,-52.0
3633,-62.0
3634,-68.0
3635,-58.0
3636,-84.0
3637,-112.0
3638,-136.0
3639,-172.0
3640,-154.0
3641,-168.0
3642,-146.0
3643,-158.0
3644,-146.0
3645,-160.0
3646,-212.0
3647,-238.0
3648,-224.0
3649,-212.0
3650,-224.0
3651,-214.0
3652,-202.0
3653,-216.0
3654,-246.0
3655,-260.0
3656,-240.0
3657,-218.0
3658,-206.0
3659,-248.0
3660,-262.0
3661,-268.0
3662,-260.0
3663,-284.0
3664,-272.0
3665,-262.0
3666,-238.0
3667,-246.0
3668,-240.0
3669,-276.0
3670,-306.0
3671,-304.0
3672,-316.0
3673,-322.0
3674,-358.0
3675,-340.0
3676,-298.0
3677,-302.0
3678,-294.0
3679,-302.0
3680,-292.0
3681,-272.0
3682,-250.0
3683,-250.0
3684,-254.0
3685,-264.0
3686,-256.0
3687,-278.0
3688,-280.0
3689,-278.0
3690,-284.0
3691,-278.0
3692,-248.0
3693,-292.0
3694,-312.0
3695,-320.0
3696,-368.0
3697,-386.0
3698,-450.0
3699,-442.0
3700,-444.0
3701,-442.0
3702,-438.0
3703,-440.0
3704,-410.0
3705,-446.0
3706,-456.0
3707,-468.0
3708,-534.0
3709,-518.0
3710,-532.0
3711,-584.0
3712,-598.0
3713,-550.0
3714,-534.0
3715,-538.0
3716,-568.0
3717,-596.0
3718,-552.0
3719,-590.0
3720,-584.0
3721,-606.0
3722,-684.0
3723,-640.0
3724,-580.0
3725,-586.0
3726,-536.0
3727,-474.0
3728,-498.0
3729,-532.0
3730,-602.0
3731,-464.0
3732,-440.0
3733,-496.0
3734,-474.0
3735,-506.0
3736,-534.0
3737,-462.0
3738,-458.0
3739,-434.0
3740,-378.0
3741,-384.0
3742,-420.0
3743,-466.0
3744,-460.0
3745,-480.0
3746,-478.0
3747,-484.0
3748,-584.0
3749,-570.0
3750,-564.0
3751,-628.0
3752,-542.0
3753,-494.0
3754,-468.0
3755,-414.0
3756,-462.0
3757,-428.0
3758,-468.0
3759,-504.0
3760,-510.0
3761,-496.0
3762,-478.0
3763,-496.0
3764,-482.0
3765,-494.0
3766,-518.0
3767,-598.0
3768,-622.0
3769,-644.0
3770,-724.0
3771,-770.0
3772,-690.0
3773,-630.0
3774,-654.0
3775,-670.0
3776,-660.0
3777,-526.0
3778,-476.0
3779,-454.0
3780,-502.0
3781,-496.0
3782,-554.0
3783,-560.0
3784,-560.0
3785,-574.0
3786,-574.0
3787,-544.0
3788,-586.0
3789,-564.0
3790,-540.0
3791,-528.0
3792,-582.0
3793,-626.0
3794,-708.0
3795,-726.0
3796,-764.0
3797,-914.0
3798,-896.0
3799,-904.0
3800,-794.0
3801,-898.0
3802,-794.0
3803,-678.0
3804,-600.0
3805,-610.0
3806,-654.0
3807,-652.0
3808,-778.0
3809,-846.0
3810,-910.0
3811,-710.0
3812,-590.0
3813,-490.0
3814,-390.0
3815,-374.0
3816,-336.0
3817,-332.0
3818,-388.0
3819,-398.0
3820,-356.0
3821,-400.0
3822,-318.0
3823,-302.0
3824,-316.0
3825,-352.0
3826,-296.0
3827,-262.0
3828,-264.0
3829,-274.0
3830,-264.0
3831,-246.0
3832,-186.0
3833,-174.0
3834,-210.0
3835,-178.0
3836,-164.0
3837,-182.0
3838,-188.0
3839,-124.0
3840,-114.0
3841,-122.0
3842,-144.0
3843,-130.0
3844,-168.0
3845,-182.0
3846,-212.0
3847,-222.0
3848,-250.0
3849,-288.0
3850,-324.0
3851,-310.0
3852,-280.0
3853,-238.0
3854,-290.0
3855,-328.0
3856,-310.0
3857,-282.0
3858,-334.0
3859,-270.0
3860,-278.0
3861,-210.0
3862,-222.0
3863,-206.0
3864,-206.0
3865,-282.0
3866,-338.0
3867,-338.0
3868,-368.0
3869,-426.0
3870,-460.0
3871,-484.0
3872,-540.0
3873,-466.0
3874,-508.0
3875,-516.0
3876,-566.0
3877,-572.0
3878,-526.0
3879,-452.0
3880,-348.0
3881,-390.0
3882,-440.0
3883,-402.0
3884,-376.0
3885,-406.0
3886,-450.0
3887,-456.0
3888,-442.0
3889,-490.0
3890,-382.0
3891,-312.0
3892,-344.0
3893,-364.0
3894,-362.0
3895,-330.0
3896,-304.0
3897,-306.0
3898,-318.0
3899,-330.0
3900,-332.0
3901,-282.0
3902,-236.0
3903,-228.0
3904,-252.0
3905,-234.0
3906,-266.0
3907,-280.0
3908,-200.0
3909,-214.0
3910,-254.0
3911,-228.0
3912,-234.0
3913,-252.0
3914,-262.0
3915,-278.0
3916,-260.0
3917,-210.0
3918,-214.0
3919,-230.0
3920,-252.0
3921,-284.0
3922,-262.0
3923,-226.0
3924,-238.0
3925,-222.0
3926,-248.0
3927,-258.0
3928,-330.0
3929,-278.0
3930,-286.0
3931,-260.0
3932,-200.0
3933,-164.0
3934,-184.0
3935,-156.0
3936,-160.0
3937,-196.0
3938,-186.0
3939,-222.0
3940,-236.0
3941,-234.0
3942,-226.0
3943,-184.0
3944,-170.0
3945,-154.0
3946,-152.0
3947,-138.0
3948,-126.0
3949,-96.0
3950,-86.0
3951,-94.0
3952,-96.0
3953,-138.0
3954,-186.0
3955,-140.0
3956,-58.0
3957,-82.0
3958,-70.0
3959,-78.0
3960,-96.0
3961,-128.0
3962,-120.0
3963,-160.0
3964,-158.0
3965,-134.0
3966,-134.0
3967,-96.0
3968,-134.0
3969,-162.0
3970,-158.0
3971,-150.0
3972,-170.0
3973,-180.0
3974,-194.0
3975,-160.0
3976,-156.0
3977,-126.0
3978,-148.0
3979,-178.0
3980,-156.0
3981,-120.0
3982,-116.0
3983,-136.0
3984,-142.0
3985,-166.0
3986,-184.0
3987,-196.0
3988,-230.0
3989,-246.0
3990,-256.0
3991,-246.0
3992,-224.0
3993,-240.0
3994,-230.0
3995,-210.0
3996,-198.0
3997,-220.0
3998,-236.0
3999,-206.0
4000,-218.0
4001,-220.0
4002,-170.0
4003,-144.0
4004,-142.0
4005,-178.0
4006,-172.0
4007,-142.0
4008,-154.0
4009,-150.0
4010,-128.0
4011,-122.0
4012,-84.0
4013,-52.0
4014,-58.0
4015,-42.0
4016,-62.0
4017,-88.0
4018,-78.0
4019,-108.0
4020,-120.0
4021,-118.0
4022,-90.0
4023,-136.0
4024,-166.0
4025,-158.0
4026,-148.0
4027,-138.0
4028,-138.0
4029,-148.0
4030,-156.0
4031,-194.0
4032,-212.0
4033,-212.0
4034,-204.0
4035,-218.0
4036,-180.0
4037,-170.0
4038,-204.0
4039,-208.0
4040,-202.0
4041,-204.0
4042,-218.0
4043,-202.0
4044,-208.0
4045,-180.0
4046,-196.0
4047,-204.0
4048,-214.0
4049,-238.0
4050,-230.0
4051,-234.0
4052,-246.0
4053,-248.0
4054,-248.0
4055,-212.0
4056,-206.0
4057,-188.0
4058,-216.0
4059,-180.0
4060,-196.0
4061,-162.0
4062,-134.0
4063,-132.0
4064,-152.0
4065,-156.0
4066,-162.0
4067,-168.0
4068,-160.0
4069,-182.0
4070,-212.0
4071,-234.0
4072,-232.0
4073,-272.0
4074,-208.0
4075,-236.0
4076,-238.0
4077,-260.0
4078,-214.0
4079,-224.0
4080,-220.0
4081,-248.0
4082,-252.0
4083,-246.0
4084,-260.0
4085,-240.0
4086,-298.0
4087,-332.0
4088,-332.0
4089,-318.0
4090,-316.0
4091,-288.0
4092,-258.0
4093,-224.0
4094,-198.0
4095,-156.0
4096,-132.0
4097,-108.0
4098,-78.0
4099,-62.0
4100,-76.0
4101,-88.0
4102,-90.0
4103,-112.0
4104,-90.0
4105,-102.0
4106,-150.0
4107,-138.0
4108,-114.0
4109,-138.0
4110,-134.0
4111,-144.0
4112,-148.0
4113,-116.0
4114,-104.0
4115,-88.0
4116,-92.0
4117,-64.0
4118,-46.0
4119,-26.0
4120,-2.0
4121,-2.0
4122,6.0
4123,26.0
4124,32.0
4125,24.0
4126,34.0
4127,32.0
4128,4.0
4129,4.0
4130,12.0
4131,10.0
4132,4.0
4133,40.0
4134,70.0
4135,56.0
4136,64.0
4137,42.0
4138,66.0
4139,74.0
4140,86.0
4141,90.0
4142,104.0
4143,66.0
4144,56.0
4145,96.0
4146,92.0
4147,92.0
4148,82.0
4149,86.0
4150,54.0
4151,30.0
4152,50.0
4153,78.0
4154,72.0
4155,132.0
4156,150.0
4157,152.0
4158,176.0
4159,194.0
4160,216.0
4161,218.0
4162,216.0
4163,202.0
4164,190.0
4165,194.0
4166,166.0
4167,176.0
4168,218.0
4169,198.0
4170,174.0
4171,146.0
4172,118.0
4173,132.0
4174,164.0
4175,164.0
4176,208.0
4177,230.0
4178,224.0
4179,218.0
4180,220.0
4181,216.0
4182,186.0
4183,164.0
4184,130.0
4185,174.0
4186,162.0
4187,134.0
4188,180.0
4189,178.0
4190,166.0
4191,126.0
4192,136.0
4193,126.0
4194,112.0
4195,108.0
4196,104.0
4197,98.0
4198,92.0
4199,124.0
4200,136.0
4201,116.0
4202,120.0
4203,140.0
4204,144.0
4205,138.0
4206,140.0
4207,158.0
4208,166.0
4209,144.0
4210,182.0
4211,158.0
4212,150.0
4213,158.0
4214,172.0
4215,136.0
4216,142.0
4217,148.0
4218,164.0
4219,116.0
4220,112.0
4221,112.0
4222,104.0
4223,116.0
4224,114.0
4225,128.0
4226,164.0
4227,168.0
4228,148.0
4229,190.0
4230,214.0
4231,196.0
4232,200.0
4233,166.0
4234,148.0
4235,130.0
4236,124.0
4237,126.0
4238,150.0
4239,150.0
4240,160.0
4241,170.0
4242,132.0
4243,152.0
4244,98.0
4245,112.0
4246,106.0
4247,98.0
4248,90.0
4249,72.0
4250,86.0
4251,78.0
4252,82.0
4253,80.0
4254,74.0
4255,88.0
4256,92.0
4257,144.0
4258,150.0
4259,148.0
4260,164.0
4261,166.0
4262,172.0
4263,156.0
4264,156.0
4265,158.0
4266,156.0
4267,124.0
4268,114.0
4269,122.0
4270,94.0
4271,76.0
4272,100.0
4273,112.0
4274,98.0
4275,84.0
4276,88.0
4277,108.0
4278,82.0
4279,58.0
4280,62.0
4281,48.0
4282,54.0
4283,42.0
4284,30.0
4285,44.0
4286,54.0
4287,64.0
4288,60.0
4289,80.0
4290,68.0
4291,76.0
4292,76.0
4293,74.0
4294,92.0
4295,124.0
4296,128.0
4297,138.0
4298,152.0
4299,188.0
4300,218.0
4301,222.0
4302,212.0
4303,228.0
4304,244.0
4305,236.0
4306,220.0
4307,272.0
4308,322.0
4309,388.0
4310,416.0
4311,456.0
4312,408.0
4313,374.0
4314,428.0
4315,412.0
4316,408.0
4317,468.0
4318,482.0
4319,456.0
4320,430.0
4321,440.0
4322,446.0
4323,432.0
4324,466.0
4325,452.0
4326,490.0
4327,488.0
4328,462.0
4329,408.0
4330,404.0
4331,398.0
4332,362.0
4333,354.0
4334,346.0
4335,378.0
4336,404.0
4337,396.0
4338,386.0
4339,396.0
4340,368.0
4341,368.0
4342,306.0
4343,260.0
4344,242.0
4345,262.0
4346,238.0
4347,246.0
4348,200.0
4349,218.0
4350,236.0
4351,262.0
4352,266.0
4353,236.0
4354,198.0
4355,218.0
4356,228.0
4357,228.0
4358,244.0
4359,264.0
4360,270.0
4361,278.0
4362,262.0
4363,274.0
4364,302.0
4365,300.0
4366,282.0
4367,276.0
4368,256.0
4369,228.0
4370,274.0
4371,264.0
4372,284.0
4373,266.0
4374,242.0
4375,244.0
4376,282.0
4377,276.0
4378,294.0
4379,266.0
4380,302.0
4381,294.0
4382,248.0
4383,228.0
4384,232.0
4385,210.0
4386,194.0
4387,164.0
4388,174.0
4389,170.0
4390,140.0
4391,116.0
4392,118.0
4393,90.0
4394,66.0
4395,72.0
4396,58.0
4397,62.0
4398,60.0
4399,72.0
4400,110.0
4401,120.0
4402,138.0
4403,106.0
4404,82.0
4405,62.0
4406,76.0
4407,68.0
4408,68.0
4409,82.0
4410,110.0
4411,86.0
4412,86.0
4413,104.0
4414,120.0
4415,160.0
4416,168.0
4417,168.0
4418,164.0
4419,200.0
4420,174.0
4421,148.0
4422,132.0
4423,162.0
4424,160.0
4425,178.0
4426,190.0
4427,196.0
4428,202.0
4429,178.0
4430,168.0
4431,152.0
4432,148.0
4433,144.0
4434,154.0
4435,168.0
4436,172.0
4437,182.0
4438,184.0
4439,186.0
4440,176.0
4441,180.0
4442,180.0
4443,174.0
4444,210.0
4445,192.0
4446,204.0
4447,212.0
4448,254.0
4449,248.0
4450,244.0
4451,238.0
4452,248.0
4453,286.0
4454,316.0
4455,324.0
4456,334.0
4457,362.0
4458,388.0
4459,400.0
4460,428.0
4461,418.0
4462,424.0
4463,412.0
4464,410.0
4465,354.0
4466,372.0
4467,350.0
4468,362.0
4469,390.0
4470,408.0
4471,410.0
4472,396.0
4473,342.0
4474,366.0
4475,380.0
4476,382.0
4477,390.0
4478,406.0
4479,432.0
4480,494.0
4481,516.0
4482,510.0
4483,518.0
4484,482.0
4485,420.0
4486,372.0
4487,394.0
4488,454.0
4489,472.0
4490,474.0
4491,474.0
4492,468.0
4493,466.0
4494,474.0
4495,470.0
4496,472.0
4497,428.0
4498,454.0
4499,442.0
4500,412.0
4501,410.0
4502,402.0
4503,402.0
4504,406.0
4505,402.0
4506,380.0
4507,412.0
4508,488.0
4509,508.0
4510,468.0
4511,438.0
4512,400.0
4513,404.0
4514,334.0
4515,344.0
4516,312.0
4517,302.0
4518,326.0
4519,276.0
4520,300.0
4521,300.0
4522,296.0
4523,290.0
4524,282.0
4525,280.0
4526,256.0
4527,250.0
4528,234.0
4529,246.0
4530,222.0
4531,226.0
4532,284.0
4533,312.0
4534,350.0
4535,326.0
4536,286.0
4537,262.0
4538,276.0
4539,270.0
4540,290.0
4541,298.0
4542,308.0
4543,304.0
4544,330.0
4545,398.0
4546,472.0
4547,478.0
4548,526.0
4549,474.0
4550,430.0
4551,448.0
4552,448.0
4553,464.0
4554,546.0
4555,514.0
4556,520.0
4557,550.0
4558,552.0
4559,486.0
4560,488.0
4561,464.0
4562,498.0
4563,524.0
4564,536.0
4565,582.0
4566,590.0
4567,602.0
4568,570.0
4569,576.0
4570,542.0
4571,554.0
4572,594.0
4573,602.0
4574,560.0
4575,508.0
4576,474.0
4577,542.0
4578,530.0
4579,486.0
4580,478.0
4581,480.0
4582,438.0
4583,426.0
4584,444.0
4585,478.0
4586,482.0
4587,472.0
4588,440.0
4589,466.0
4590,506.0
4591,532.0
4592,538.0
4593,606.0
4594,586.0
4595,562.0
4596,506.0
4597,540.0
4598,508.0
4599,512.0
4600,482.0
4601,454.0
4602,452.0
4603,406.0
4604,322.0
4605,268.0
4606,294.0
4607,224.0
4608,252.0
4609,248.0
4610,230.0
4611,250.0
4612,228.0
4613,240.0
4614,270.0
4615,250.0
4616,236.0
4617,258.0
4618,264.0
4619,272.0
4620,284.0
4621,332.0
4622,354.0
4623,350.0
4624,378.0
4625,342.0
4626,342.0
4627,380.0
4628,398.0
4629,420.0
4630,366.0
4631,388.0
4632,398.0
4633,400.0
4634,428.0
4635,448.0
4636,458.0
4637,452.0
4638,424.0
4639,412.0
4640,374.0
4641,422.0
4642,412.0
4643,442.0
4644,462.0
4645,476.0
4646,482.0
4647,492.0
4648,434.0
4649,456.0
4650,430.0
4651,456.0
4652,474.0
4653,470.0
4654,492.0
4655,498.0
4656,444.0
4657,456.0
4658,472.0
4659,468.0
4660,378.0
4661,388.0
4662,326.0
4663,370.0
4664,360.0
4665,358.0
4666,378.0
4667,402.0
4668,390.0
4669,380.0
4670,392.0
4671,372.0
4672,362.0
4673,384.0
4674,410.0
4675,440.0
4676,410.0
4677,388.0
4678,372.0
4679,326.0
4680,388.0
4681,422.0
4682,440.0
4683,420.0
4684,406.0
4685,364.0
4686,346.0
4687,358.0
4688,362.0
4689,358.0
4690,360.0
4691,398.0
4692,430.0
4693,450.0
4694,408.0
4695,418.0
4696,420.0
4697,434.0
4698,406.0
4699,346.0
4700,324.0
4701,428.0
4702,466.0
4703,418.0
4704,374.0
4705,374.0
4706,346.0
4707,322.0
4708,326.0
4709,360.0
4710,380.0
4711,374.0
4712,350.0
4713,296.0
4714,290.0
4715,252.0
4716,266.0
4717,250.0
4718,266.0
4719,304.0
4720,326.0
4721,308.0
4722,288.0
4723,268.0
4724,244.0
4725,254.0
4726,280.0
4727,242.0
4728,210.0
4729,190.0
4730,170.0
4731,162.0
4732,204.0
4733,260.0
4734,266.0
4735,236.0
4736,250.0
4737,230.0
4738,274.0
4739,306.0
4740,272.0
4741,270.0
4742,240.0
4743,222.0
4744,230.0
4745,232.0
4746,204.0
4747,198.0
4748,204.0
4749,222.0
4750,220.0
4751,232.0
4752,234.0
4753,166.0
4754,170.0
4755,150.0
4756,134.0
4757,140.0
4758,138.0
4759,140.0
4760,154.0
4761,162.0
4762,138.0
4763,106.0
4764,84.0
4765,124.0
4766,154.0
4767,152.0
4768,182.0
4769,180.0
4770,194.0
4771,170.0
4772,184.0
4773,196.0
4774,226.0
4775,236.0
4776,240.0
4777,234.0
4778,202.0
4779,226.0
4780,192.0
4781,194.0
4782,200.0
4783,222.0
4784,216.0
4785,230.0
4786,234.0
4787,220.0
4788,198.0
4789,196.0
4790,198.0
4791,192.0
4792,176.0
4793,198.0
4794,194.0
4795,228.0
4796,244.0
4797,268.0
4798,262.0
4799,278.0
4800,278.0
4801,306.0
4802,350.0
4803,330.0
4804,296.0
4805,310.0
4806,302.0
4807,324.0
4808,358.0
4809,352.0
4810,338.0
4811,386.0
4812,384.0
4813,366.0
4814,326.0
4815,324.0
4816,318.0
4817,320.0
4818,332.0
4819,314.0
4820,328.0
4821,340.0
4822,326.0
4823,358.0
4824,332.0
4825,300.0
4826,336.0
4827,300.0
4828,284.0
4829,292.0
4830,332.0
4831,352.0
4832,350.0
4833,348.0
4834,402.0
4835,402.0
4836,434.0
4837,410.0
4838,390.0
4839,424.0
4840,400.0
4841,370.0
4842,400.0
4843,414.0
4844,392.0
4845,428.0
4846,422.0
4847,430.0
4848,394.0
4849,434.0
4850,466.0
4851,476.0
4852,450.0
4853,494.0
4854,450.0
4855,450.0
4856,426.0
4857,382.0
4858,390.0
4859,464.0
4860,458.0
4861,470.0
4862,460.0
4863,522.0
4864,514.0
4865,540.0
4866,500.0
4867,512.0
4868,540.0
4869,482.0
4870,506.0
4871,548.0
4872,576.0
4873,594.0
4874,574.0
4875,610.0
4876,626.0
4877,646.0
4878,618.0
4879,626.0
4880,606.0
4881,662.0
4882,734.0
4883,702.0
4884,706.0
4885,652.0
4886,642.0
4887,746.0
4888,684.0
4889,574.0
4890,554.0
4891,508.0
4892,440.0
4893,396.0
4894,418.0
4895,470.0
4896,442.0
4897,428.0
4898,520.0
4899,500.0
4900,456.0
4901,410.0
4902,396.0
4903,452.0
4904,394.0
4905,394.0
4906,426.0
4907,416.0
4908,428.0
4909,384.0
4910,386.0
4911,374.0
4912,382.0
4913,362.0
4914,372.0
4915,376.0
4916,354.0
4917,370.0
4918,360.0
4919,382.0
4920,402.0
4921,426.0
4922,420.0
4923,418.0
4924,392.0
4925,374.0
4926,364.0
4927,388.0
4928,338.0
4929,356.0
4930,384.0
4931,426.0
4932,424.0
4933,464.0
4934,452.0
4935,472.0
4936,432.0
4937,448.0
4938,488.0
4939,480.0
4940,500.0
4941,488.0
4942,540.0
4943,580.0
4944,594.0
4945,640.0
4946,638.0
4947,624.0
4948,542.0
4949,558.0
4950,524.0
4951,434.0
4952,488.0
4953,526.0
4954,514.0
4955,532.0
4956,500.0
4957,574.0
4958,590.0
4959,606.0
4960,650.0
4961,766.0
4962,836.0
4963,894.0
4964,890.0
4965,984.0
4966,838.0
4967,890.0
4968,872.0
4969,940.0
4970,820.0
4971,826.0
4972,662.0
4973,790.0
4974,888.0
4975,1012.0
4976,952.0
4977,958.0
4978,628.0
4979,666.0
4980,714.0
4981,648.0
4982,586.0
4983,510.0
4984,662.0
4985,546.0
4986,442.0
4987,356.0
4988,426.0
4989,414.0
4990,420.0
4991,414.0
4992,398.0
4993,268.0
4994,222.0
4995,328.0
4996,306.0
4997,350.0
4998,400.0
4999,402.0
5000,426.0
5001,524.0
5002,584.0
